,pred,target,vocab,attr
0,4,5,disappointment,1.0
1,5,5,fantastic,0.9898442029953003
2,5,5,small,-0.8349154591560364
3,5,5,will,1.0
4,5,5,definitely,0.8531008958816528
5,5,5,return,0.8434867262840271
6,5,5,wow,1.0
7,5,5,amazing,0.7056292295455933
8,5,5,tomato,0.813994824886322
9,5,5,insanely,0.8648067712783813
10,5,5,excellent,0.6324419379234314
11,5,5,however,-0.8063494563102722
12,5,5,ida,1.0
13,5,5,excellent,0.8004421591758728
14,5,5,wonderful,0.7198828458786011
15,5,5,will,0.6823232769966125
16,5,5,back,0.533785343170166
17,5,5,pride,1.0
18,4,5,lovely,0.6713919043540955
19,4,5,overall,0.5419720411300659
20,4,5,sour,1.0
21,2,3,bad,0.6790527701377869
22,2,3,exoerience,1.0
23,5,4,thumbs,1.0
24,5,4,great,0.616002082824707
25,4,5,good,0.7890773415565491
26,4,5,good,1.0
27,3,4,'very,1.0
28,3,4,good,-0.7127764821052551
29,5,5,excellent,1.0
30,5,5,pampered,0.8953368067741394
31,4,4,good,0.9464336633682251
32,4,4,convinent,-1.0
33,4,4,hotal,-1.0
34,4,4,bit,0.5971657633781433
35,5,4,excellent,0.5044971108436584
36,5,4,welcoming,0.580609917640686
37,5,4,highly,1.0
38,4,5,duffy,-0.8998676538467407
39,4,5,annoyingly,1.0
40,4,5,average,-1.0
41,4,5,pleasant,0.5878751873970032
42,2,2,great,-1.0
43,2,2,rattling,0.6357781291007996
44,2,2,poor,0.8945459723472595
45,4,5,good,1.0
46,4,5,loved,-0.9586339592933655
47,4,5,nothing,0.6069492101669312
48,2,2,worst,0.9328042268753052
49,2,2,terrible,1.0
50,2,3,noisy,0.5568487644195557
51,2,3,rude,0.9382510185241699
52,2,3,angry,1.0
53,2,3,nice,-0.5499296188354492
54,2,3,4am,0.5516514182090759
55,5,5,great,1.0
56,5,5,experience,0.8755398988723755
57,4,4,convenient,0.6858988404273987
58,4,4,good,1.0
59,2,2,disgusting,1.0
60,2,2,potential,0.9552766680717468
61,2,2,reschedule,1.0
62,5,4,experience,0.5376096963882446
63,5,4,noisy,-1.0
64,5,4,will,0.777330219745636
65,5,4,soon,0.5193285346031189
66,5,5,awesome,0.6919153332710266
67,5,5,jean,1.0
68,5,5,phenomenal,0.6888193488121033
69,5,5,will,0.5066578984260559
70,5,5,incredible,0.5960410833358765
71,2,2,disappeared,0.9521417617797852
72,2,2,loosely,0.587483286857605
73,2,2,rude,0.5809968113899231
74,2,2,pathetic,1.0
75,4,5,grans,1.0
76,4,4,good,0.837049126625061
77,4,4,smoky,1.0
78,5,4,üëéüèª,0.8663055300712585
79,5,4,amazing,1.0
80,4,3,screwed,-0.8900795578956604
81,4,3,assignment,0.522254467010498
82,4,3,specifications,1.0
83,5,5,amazing,1.0
84,5,5,beyond,0.5870825052261353
85,5,5,thank,0.7221576571464539
86,4,5,again‚Ä¶,1.0
87,5,5,thank,1.0
88,5,5,extraordinary,0.968471109867096
89,5,5,stay,0.8478219509124756
90,5,5,happy,0.5527727603912354
91,5,5,functional,-0.6802873015403748
92,5,5,small,-0.8919072151184082
93,5,5,reason,-0.6428954005241394
94,5,5,exceptional,0.5019971132278442
95,5,5,manny,0.5865600109100342
96,5,5,fantastic,0.6804441809654236
97,5,5,statements,-0.7405366897583008
98,3,2,not,1.0
99,4,5,good,0.5663872957229614
100,4,5,langhams,-1.0
101,2,2,unimpressed,0.8512282967567444
102,2,2,dirty,1.0
103,2,2,sincere,0.6776276230812073
104,2,2,nice,-0.55314040184021
105,5,5,mohammed,1.0
106,5,5,serene,1.0
107,5,5,absolutely,0.6025335788726807
108,5,5,deuce,-0.7822755575180054
109,5,5,fabulous,0.7960576415061951
110,5,5,stay,0.5369074940681458
111,2,2,unpleasant,0.6236047148704529
112,2,2,tiny,0.5866566300392151
113,2,2,service.on,0.5732099413871765
114,2,2,great,-0.8968749046325684
115,2,2,great,-1.0
116,5,5,stay,0.5350964665412903
117,5,5,anywhere,0.8200274705886841
118,5,5,else,0.6108286380767822
119,5,5,excellent,0.6824314594268799
120,5,5,exceptional,1.0
121,5,5,incredible,0.9923920035362244
122,5,5,classy,0.5745423436164856
123,4,4,good,1.0
124,5,5,fantastic,1.0
125,3,3,beautiful,-0.5423418879508972
126,3,3,architectural,-0.5622047185897827
127,3,3,unfortunately,1.0
128,3,3,not,0.8635149002075195
129,3,3,live,0.5304740071296692
130,3,3,not,0.5831100940704346
131,5,5,awesome,1.0
132,5,5,hor,-0.7601364254951477
133,5,5,will,0.5083053708076477
134,3,3,luster,0.6394897699356079
135,3,3,paper,0.6177095174789429
136,3,3,thin,1.0
137,3,3,great,-0.8059892654418945
138,5,5,jimmy,0.662870466709137
139,5,5,jimmy,0.8190647959709167
140,5,5,best,0.5625463128089905
141,5,5,kindness,1.0
142,5,5,professionalism,0.9683558344841003
143,3,2,excellent,-0.5682645440101624
144,3,2,disappointment,0.659483015537262
145,3,2,lacked,0.606756329536438
146,3,2,ok,1.0
147,5,5,fabulous,1.0
148,5,5,hotel,0.5010296106338501
149,5,5,spotless,0.6719589829444885
150,5,5,tine,0.9109679460525513
151,5,5,combination,0.6009164452552795
152,5,5,great,1.0
153,5,5,everybody,0.5185014605522156
154,3,2,small,0.7447426319122314
155,3,2,smoked,1.0
156,2,3,enjoyed,-0.5076835751533508
157,2,3,liked,-1.0
158,2,3,investigation,0.6273338198661804
159,5,5,great,0.6014938950538635
160,5,5,arlo,1.0
161,5,5,village.i,0.8728116750717163
162,3,4,elsewhere,0.7357012033462524
163,3,4,motel,1.0
164,3,4,satisfied,-0.7259443402290344
165,4,4,good,1.0
166,4,4,ok,0.7420803308486938
167,4,4,only,0.860504686832428
168,4,4,glitch,0.8362652063369751
169,4,4,wonderful,-0.90772545337677
170,5,5,excellent,1.0
171,5,5,amazed,0.7348607778549194
172,5,5,fantastic,1.0
173,5,5,modern,0.6179768443107605
174,4,4,bit,1.0
175,4,4,noisy,0.6444442868232727
176,5,5,gem,1.0
177,2,2,reputed,1.0
178,2,2,hotel,0.516294538974762
179,2,2,no,0.7068290114402771
180,2,2,disappointed,0.6427862048149109
181,4,3,frat,-1.0
182,3,3,ok,1.0
183,3,3,carpet,0.5693885087966919
184,3,2,annoying,1.0
185,4,4,good,1.0
186,4,4,anywhere,-0.5645256638526917
187,4,4,thank,-0.5422614216804504
188,2,2,rude,0.8409749269485474
189,2,2,unfriendly,0.8965489864349365
190,2,2,wiring,0.9794772267341614
191,2,2,refund,1.0
192,2,2,heartbeat,-0.8090315461158752
193,5,5,great,1.0
194,5,5,hotel,0.7545831203460693
195,5,5,awesome,1.0
196,5,5,thank,0.651553750038147
197,5,5,best,0.790785551071167
198,5,5,wanderers,0.6004012823104858
199,5,5,marilyns,1.0
200,5,5,overall,-0.6204549074172974
201,4,4,great,1.0
202,5,4,great,1.0
203,5,4,beautiful,0.6118855476379395
204,5,4,great,-0.5473916530609131
205,5,4,love,0.9740325212478638
206,5,4,will,0.9486169815063477
207,5,4,return,0.6855010986328125
208,5,5,best,0.8515086770057678
209,5,5,hands-down,1.0
210,5,5,bella,0.6370985507965088
211,4,5,nice,1.0
212,4,5,place,0.6750985383987427
213,4,5,good,0.7174094915390015
214,4,5,dark,-0.7380148768424988
215,5,5,seemed,-0.8498530983924866
216,5,5,modern,1.0
217,5,5,definitely,0.8309038877487183
218,5,5,stay,0.7355121374130249
219,4,5,great,0.5107035040855408
220,4,5,only,1.0
221,4,5,noisy,0.5904508233070374
222,4,5,super,-0.5481868982315063
223,4,5,.rooms,0.6172772645950317
224,4,5,ok,0.7079043984413147
225,4,4,bothersome,1.0
226,4,5,tarah,-0.6170201301574707
227,4,5,hockey,0.7149348258972168
228,4,5,good,0.592805027961731
229,4,5,only,0.5730715394020081
230,4,5,disappointment,1.0
231,5,5,loved,1.0
232,4,4,facelift,1.0
233,4,2,happily,0.8099300861358643
234,4,2,comfortable,0.5503824353218079
235,4,2,quiet,1.0
236,4,2,not,-0.8775903582572937
237,4,2,disappointing,-0.6035538911819458
238,5,5,vdara,0.9935513734817505
239,5,5,bit,-0.6362901926040649
240,5,5,home,0.5797619819641113
241,5,5,phenomenal,0.7278974056243896
242,5,5,spectacular,0.9733880758285522
243,5,5,ok.,-0.8285290002822876
244,5,5,fabulous,1.0
245,5,5,experience,0.8108731508255005
246,5,4,excellent,0.6895118951797485
247,5,4,highly,1.0
248,5,5,excellent,1.0
249,5,5,authentic,0.5115122199058533
250,5,5,cindy,0.5505260825157166
251,5,5,perfect,1.0
252,5,5,thank,0.7542256712913513
253,5,5,motel,-1.0
254,5,5,thank,0.9436442255973816
255,5,5,great,0.7389126420021057
256,5,5,back,0.5541606545448303
257,5,5,vdara,0.5285038948059082
258,5,5,immaculate,0.5317346453666687
259,5,5,outstanding,1.0
260,4,5,grandmas,-1.0
261,2,2,careful,0.6000434756278992
262,2,2,facilty,1.0
263,2,2,not,0.722661554813385
264,2,2,alternatives,-0.5670483112335205
265,5,5,amazing,0.5772520303726196
266,5,5,nights/year,-1.0
267,4,4,nice,1.0
268,4,4,great,0.9448642134666443
269,4,4,somewhat,0.8431940674781799
270,4,4,lacks,-0.7433778643608093
271,4,4,cons,1.0
272,4,4,will,-0.5231683254241943
273,2,2,dirty,0.6907981634140015
274,2,2,poor,0.5033126473426819
275,2,2,never,1.0
276,4,5,solid,1.0
277,4,3,newish,1.0
278,5,5,best,1.0
279,2,2,bad,1.0
280,2,2,-not,0.7171532511711121
281,2,2,uncomfortable,0.5286110639572144
282,4,3,smell,-0.5389489531517029
283,4,3,overall,0.8304495215415955
284,4,3,good,1.0
285,4,3,only,0.5188702940940857
286,4,3,whelming,-0.7327209115028381
287,5,5,fantastic,1.0
288,5,5,pounding,-0.9195535182952881
289,5,5,osborne,0.5284333825111389
290,5,4,perfect,0.8078175783157349
291,5,4,amazing,1.0
292,5,4,struggled,-0.8036223649978638
293,5,4,%,0.7787911295890808
294,5,4,stay,0.8054962158203125
295,5,4,probably,-0.7649701237678528
296,5,5,great,1.0
297,5,5,hotel,0.7795692086219788
298,5,5,absolutely,0.7994551062583923
299,5,5,perfect,0.7089474201202393
300,5,5,elegant,0.7582248449325562
301,2,3,refused,1.0
302,2,3,average,-0.9655559062957764
303,2,2,poor,1.0
304,3,3,underwhelming,1.0
305,3,3,ok.,0.5381201505661011
306,4,4,highly,-0.5067769885063171
307,4,4,good,1.0
308,5,5,soho-,1.0
309,2,4,not,0.9148191213607788
310,2,4,improvement,1.0
311,3,2,mediocrity,1.0
312,3,2,earning,-0.5462570190429688
313,3,2,absurd,0.645715057849884
314,4,4,bit,0.6997067332267761
315,4,4,nowhere,-0.5588465332984924
316,4,4,good,1.0
317,3,4,okay,0.6985184550285339
318,3,4,hazard,1.0
319,5,4,towards,-0.5791190266609192
320,5,4,but,-0.5942204594612122
321,5,4,super,1.0
322,5,4,quiet,0.5047802925109863
323,5,4,great,0.6040619611740112
324,5,4,location-,0.5161356329917908
325,5,5,wonderful,0.837363064289093
326,5,5,greets,0.7701174020767212
327,5,5,laura,1.0
328,5,4,great,1.0
329,5,4,small,-0.7795834541320801
330,3,5,uninvited,1.0
331,5,5,excellent,1.0
332,5,5,costumer,0.6986311078071594
333,5,5,wonderful,0.5809572339057922
334,5,5,home,1.0
335,5,5,perfect,0.5027753710746765
336,4,5,amazing,-1.0
337,5,5,perfect,0.7445980310440063
338,5,5,however,-0.5528528690338135
339,5,5,5-star,0.5859066843986511
340,5,5,will,1.0
341,5,5,definitely,0.8155045509338379
342,5,5,stay,0.5352908968925476
343,5,5,spotlessly,0.600447952747345
344,5,5,highly,0.6117016077041626
345,5,5,amazing,1.0
346,3,4,great,-1.0
347,3,4,short,0.5337526798248291
348,3,4,not,0.7899137735366821
349,3,4,stuck,0.5436062812805176
350,3,4,link,-0.5424829721450806
351,3,4,oatmeal,-0.7088027596473694
352,3,4,small,0.5442376136779785
353,3,4,poop,0.8218995332717896
354,5,5,perfect,1.0
355,5,4,embodiment,1.0
356,5,4,excellent,1.0
357,5,4,tired,-0.5433806777000427
358,2,2,below,1.0
359,2,2,dilapidated,0.7060772180557251
360,2,2,terribly,0.5424738526344299
361,5,4,lovely,1.0
362,5,4,excellent,0.8601884841918945
363,5,5,tarik,1.0
364,5,5,great,0.6015899777412415
365,5,5,gem,1.0
366,5,5,gorgeously,0.6185560822486877
367,4,5,almost,0.6081845760345459
368,4,5,anything,-1.0
369,4,3,ok,-0.7128280401229858
370,4,3,dirty,-1.0
371,4,3,impressed,0.881312370300293
372,4,3,bit,0.515940248966217
373,4,3,disappointed,0.6008363366127014
374,3,4,so-so,1.0
375,3,4,hit-or-miss,0.718774676322937
376,2,2,great,-0.6717721223831177
377,2,2,no,0.5378646850585938
378,2,2,horrible,1.0
379,4,5,great,1.0
380,4,5,location,0.5605513453483582
381,4,5,best,-0.5548747777938843
382,4,5,somewhat,0.5149506330490112
383,4,4,nice,0.7051063179969788
384,4,4,great,0.7113492488861084
385,4,4,bit,1.0
386,5,5,great,0.5210827589035034
387,5,5,fantastic,1.0
388,5,5,good,-0.5482844114303589
389,5,5,slightly,-0.5822204947471619
390,5,5,langham,0.5656458735466003
391,5,5,fantastic,1.0
392,5,5,great,0.7149248719215393
393,4,5,love,-1.0
394,4,5,needs,0.6465504169464111
395,2,2,mediocre,0.8032957911491394
396,2,2,hotel,0.5056130886077881
397,2,2,except,-0.608625054359436
398,2,2,constant,1.0
399,2,2,loud,0.5529990792274475
400,4,5,exceeded,-1.0
401,4,5,cons,0.7642666697502136
402,4,5,loud,0.5713285803794861
403,4,5,swiftly,-0.599858820438385
404,5,5,delightful,1.0
405,5,5,catherine,0.6809757351875305
406,2,2,bad,1.0
407,2,2,good,-0.8169538378715515
408,2,2,overcharged,0.7376345992088318
409,2,2,response,0.6581017374992371
410,5,5,spectacular,1.0
411,4,5,pleasantly,0.5327258706092834
412,4,5,noisy,0.689860463142395
413,4,5,cleani,-1.0
414,4,5,upgrading,0.5171816945075989
415,3,3,excellent,-0.6589776873588562
416,3,3,rude,1.0
417,5,5,fantastic,1.0
418,4,4,good,1.0
419,4,4,badly,0.8713330030441284
420,4,4,overall,0.5004042387008667
421,3,3,updating,1.0
422,5,5,veterans,0.6790348887443542
423,5,5,glorious,0.7437480688095093
424,5,5,amazing,1.0
425,5,5,not,-1.0
426,5,5,easy,0.5127038359642029
427,5,5,excellent,1.0
428,4,4,great,0.5596306324005127
429,4,4,little,0.5914781093597412
430,4,4,confusing,1.0
431,4,4,mlife,-0.8223452568054199
432,3,4,adequate,0.6834934949874878
433,3,4,small,0.6384519338607788
434,3,4,poor,1.0
435,2,2,disgusted,1.0
436,2,2,ashamed,0.8019408583641052
437,4,4,bit,0.7577829360961914
438,4,4,no,-0.6694816946983337
439,4,4,lack,-1.0
440,4,4,limited,-0.577038049697876
441,4,4,clean,0.5515469312667847
442,4,4,comfortable,0.8431888818740845
443,4,4,nice,0.7115427851676941
444,4,4,quiet,0.8049280047416687
445,4,4,reason,-0.523285984992981
446,4,4,good,1.0
447,4,4,ok.,0.713178813457489
448,4,4,fails,-0.7286038398742676
449,3,3,average,1.0
450,3,3,uncomfortable,0.5680111646652222
451,3,3,excellent,-0.561356246471405
452,3,4,fun,-0.5813164710998535
453,3,4,blast,-1.0
454,3,4,lover,-0.5004129409790039
455,3,4,small,0.661186933517456
456,3,4,improve,0.6854540705680847
457,3,4,not,0.9969509243965149
458,3,4,rid,0.6945995688438416
459,3,4,perfect,-0.5892235636711121
460,4,4,location,1.0
461,4,4,renovated,0.8924157023429871
462,2,2,renovate,1.0
463,2,2,not,0.5402733087539673
464,2,2,rude,0.5432476997375488
465,5,5,amazing,1.0
466,5,5,highly,0.6457990407943726
467,4,4,great,0.5228854417800903
468,4,4,great,1.0
469,4,4,bit,0.6383423209190369
470,4,3,DGDG:DGDG.,-0.8280311226844788
471,4,3,never,-0.6155242919921875
472,4,3,great,0.5658004879951477
473,4,3,good,1.0
474,4,3,choice,0.6088495850563049
475,4,4,nice,0.7401604056358337
476,4,4,drawback,0.9447228312492371
477,4,4,highly,-1.0
478,4,4,recommend,-0.534403383731842
479,4,5,convenient,1.0
480,4,5,only,0.569942057132721
481,4,5,complaint,0.668100118637085
482,5,4,but,-0.6530895233154297
483,5,4,not,-1.0
484,5,4,spectacular,0.7129696607589722
485,5,4,sinks,0.8150141835212708
486,5,5,discovery,1.0
487,5,5,entertainment,0.504335343837738
488,2,2,poor,1.0
489,5,5,great,0.6812466979026794
490,5,5,hotel,0.6673911809921265
491,5,5,perfect,1.0
492,5,5,mermaid,0.545594334602356
493,5,5,excellent,1.0
494,5,5,great,0.6014257073402405
495,5,5,always,0.5229668617248535
496,5,5,fantastic,1.0
497,5,5,upbeat,0.6570978760719299
498,4,3,not,-0.5941028594970703
499,4,3,comfortable,0.7635747790336609
500,4,3,good,1.0
501,4,4,good,1.0
502,5,5,amazing,1.0
503,5,5,experience,0.5773186683654785
504,2,2,worst,1.0
505,2,2,deteriorated,0.6283148527145386
506,2,2,unorganized,0.759598970413208
507,3,3,urged,-0.6564970016479492
508,3,3,ok,0.7436014413833618
509,3,3,dated,1.0
510,3,4,dated,1.0
511,5,5,fabulous,0.6378043293952942
512,5,5,impeccable,1.0
513,3,3,ok,1.0
514,3,3,donalds,-0.6811188459396362
515,3,3,sunbeds,-0.6020433306694031
516,3,3,poor,0.7636657357215881
517,4,4,location,0.5486687421798706
518,4,4,little,0.8201741576194763
519,4,4,small,1.0
520,4,4,happy,-0.8308059573173523
521,5,5,effortless,0.718281090259552
522,5,5,ivan,1.0
523,5,5,great,0.7791612148284912
524,5,5,non-refundable,0.8991957306861877
525,5,5,thank,1.0
526,5,5,impressed,0.6983094811439514
527,5,5,mohammad,0.5744225978851318
528,5,5,excellent,1.0
529,4,4,great,0.7084319591522217
530,4,4,poorly,-1.0
531,3,3,strip.i,0.7178084254264832
532,3,3,frustrating,0.9355971813201904
533,3,3,handy.the,-0.7640557885169983
534,3,3,poor,0.8400277495384216
535,3,3,failing,1.0
536,5,5,interview,0.6539143323898315
537,5,5,residency,-0.6889051198959351
538,5,5,home,0.5876354575157166
539,5,5,wonderful,1.0
540,4,4,convenient,1.0
541,4,4,gingers,-0.7789564728736877
542,4,4,best,-0.9809422492980957
543,5,5,bit,-0.9019885063171387
544,5,5,disappointed,-0.8226290941238403
545,5,5,debris,-0.5378134250640869
546,5,5,noisy,-0.551904022693634
547,5,5,awesome,0.6344640254974365
548,5,5,pre-party,0.5868697762489319
549,5,5,will,1.0
550,5,5,definitely,0.620719313621521
551,5,4,best,0.8363707065582275
552,5,4,high-end,1.0
553,2,3,great,-0.5773437023162842
554,2,3,pillows-,1.0
555,3,3,wonderful,-1.0
556,3,3,however,0.8306856155395508
557,3,3,liked,-0.8184449672698975
558,3,3,not,0.9572961926460266
559,5,5,amazing,1.0
560,5,5,beyond,0.5752755403518677
561,5,5,highly,0.5527185797691345
562,4,3,nice,1.0
563,4,3,except,0.602957010269165
564,4,3,only,0.5735718607902527
565,4,3,complaint,0.6815012693405151
566,5,4,perfect,0.525129497051239
567,5,4,broadway/times,1.0
568,3,3,okay,1.0
569,3,2,rating,1.0
570,4,5,amazing,-1.0
571,4,5,good,0.7171802520751953
572,4,5,base,0.7321386933326721
573,4,4,good,1.0
574,5,5,never,1.0
575,5,5,disappointed,-0.5707939863204956
576,5,5,amazing,0.596126139163971
577,4,4,excellent,0.7195354700088501
578,4,4,dated,-1.0
579,4,4,enjoyed,0.8180947303771973
580,5,5,lowered,-0.6673243045806885
581,5,5,zen,0.9012925028800964
582,5,5,calming,0.9646821618080139
583,5,5,meatballs,1.0
584,5,5,loved,0.8523315787315369
585,5,5,vintage,1.0
586,5,5,hotel,0.7192927002906799
587,5,5,super,0.7890556454658508
588,5,5,awesome,0.6339610815048218
589,5,5,overall,-0.8146269917488098
590,5,5,amazing,1.0
591,5,5,flop,0.933864176273346
592,5,5,great,0.5185177326202393
593,5,5,seamless,1.0
594,5,5,but,-0.5627669095993042
595,5,5,basic,-0.8445149064064026
596,5,5,will,0.7475318312644958
597,4,4,twenty,-0.5871307849884033
598,4,4,somethings,1.0
599,4,4,pragmatic,1.0
600,5,5,notch,1.0
601,5,5,genuine,0.9468292593955994
602,5,5,good,-0.9547554850578308
603,5,5,but,-0.515307605266571
604,5,5,great,0.9117268919944763
605,5,5,experience,0.6013431549072266
606,5,5,fantastic,1.0
607,5,5,excellent,1.0
608,5,5,wonderful,0.8014681935310364
609,5,4,noisy,-1.0
610,5,4,return,0.5209663510322571
611,5,4,greatest,0.6336150169372559
612,4,5,great,0.5404113531112671
613,4,5,amazing,-0.7235927581787109
614,4,5,lineup,0.6009930372238159
615,4,5,improved,1.0
616,3,3,cons,0.6342087984085083
617,3,3,notch,-0.9232720136642456
618,3,3,5-6pm,-1.0
619,3,3,intoxicating,-0.6068979501724243
620,3,3,disgusting,0.8190599679946899
621,3,3,mold,0.5612273812294006
622,3,3,reaction,0.6177245378494263
623,3,3,great,-0.8227331638336182
624,5,5,favorite,1.0
625,5,5,great,1.0
626,5,5,nyc,0.6983253359794617
627,5,5,hotel,0.6407666802406311
628,5,5,wonderful,0.611849308013916
629,5,5,problems,-0.7786608934402466
630,5,5,stay,-0.510543942451477
631,4,5,nice,1.0
632,4,5,only,0.6434712409973145
633,5,5,best,1.0
634,4,5,central,1.0
635,4,5,location,0.5963412523269653
636,4,5,little,0.5604978203773499
637,4,5,outdated,0.9959124326705933
638,5,5,great,0.5230559706687927
639,5,5,fantastic,1.0
640,5,5,always,0.5069366097450256
641,5,5,perfect,1.0
642,5,5,dream,0.804452121257782
643,5,5,impeccable,0.9557652473449707
644,5,5,beads,0.6232315897941589
645,5,5,heaven,0.5263314247131348
646,5,5,highly,0.8970865607261658
647,4,5,outstanding,-1.0
648,4,5,functional,0.5912260413169861
649,4,5,regret,-0.7238288521766663
650,4,5,criticism,0.6037971377372742
651,2,3,smelly,1.0
652,3,3,worst,0.968351423740387
653,3,3,not,0.9910382032394409
654,3,3,best,-0.6856349110603333
655,3,3,perfectly,-0.5481881499290466
656,3,3,adequate,0.5747998356819153
657,3,3,nespresso,-1.0
658,3,3,edition,-0.9995401501655579
659,3,3,fraying,-0.5349549651145935
660,3,3,headboard,0.5922845602035522
661,3,3,nowhere,0.7561832666397095
662,5,5,puppy,0.9269232153892517
663,5,5,louie,0.5189809799194336
664,5,5,puppy,-0.6387029886245728
665,5,5,pup,1.0
666,3,3,updating,1.0
667,3,3,liked,-0.6599622964859009
668,3,3,updating,0.5372987389564514
669,2,4,overrated,1.0
670,2,4,clogged,0.6826911568641663
671,2,4,not,0.503966748714447
672,5,5,wonderful,1.0
673,5,5,excellent,0.5830687284469604
674,5,5,musicians,0.6593441367149353
675,3,3,basic,0.6630803346633911
676,3,3,screeching,0.6397421956062317
677,3,3,excellent,-1.0
678,3,3,neighbourhood,-0.5289183259010315
679,5,5,outstanding,1.0
680,5,4,nice,-1.0
681,5,4,affordable,-0.5949219465255737
682,5,4,will,0.9929087162017822
683,3,3,disappointed,1.0
684,3,3,great,-0.6923419833183289
685,5,4,nice,-0.5650695562362671
686,5,4,excellent,0.647249162197113
687,5,4,personel,1.0
688,5,4,cablecar,0.576418399810791
689,4,5,good,1.0
690,4,5,bit,0.749968945980072
691,4,5,great,-0.5438860058784485
692,4,5,great,0.6444960236549377
693,4,5,central,0.8261497616767883
694,4,5,location,1.0
695,4,5,perfect,-0.5511633157730103
696,4,5,location,0.5186038613319397
697,4,5,bathrooms,0.5500810146331787
698,5,5,great,0.5672780871391296
699,5,5,beyond,1.0
700,5,5,exquisite,0.7315130829811096
701,5,5,solid,-1.0
702,5,5,clean,0.6766631603240967
703,5,5,great,0.5233483910560608
704,5,5,reve,0.8307120203971863
705,2,2,never,0.5898682475090027
706,2,2,smelly,0.7229710817337036
707,2,2,trapped,0.5606974959373474
708,2,2,calories,-1.0
709,5,4,perfect,1.0
710,5,4,but,-0.6874262094497681
711,5,4,place,0.514682948589325
712,5,4,downton,1.0
713,5,5,royalty,1.0
714,5,5,poor,-0.8572890162467957
715,5,5,awkward,-0.690506637096405
716,5,5,fantastic,1.0
717,5,5,longe,1.0
718,3,4,indifferent,1.0
719,3,4,thank,-0.5618265867233276
720,3,4,great,-0.7019084095954895
721,3,4,broken,0.9650842547416687
722,2,2,nora,-0.5826138854026794
723,2,2,refused,0.5367951989173889
724,2,2,worst,1.0
725,3,3,ok,1.0
726,3,3,good,0.5172962546348572
727,2,2,great,-0.6872934699058533
728,2,2,disaster,0.6915172338485718
729,2,2,never,1.0
730,4,5,decently,1.0
731,4,5,small,0.5492230653762817
732,4,5,convenient,0.8002064228057861
733,2,2,smelly,0.5431890487670898
734,2,2,implode,1.0
735,3,3,uncomfortably,0.8085206151008606
736,3,3,mixed,1.0
737,3,2,disapointed,1.0
738,3,2,disappointment,0.9106777906417847
739,3,2,good,0.5553797483444214
740,3,2,thanks,-0.8190677762031555
741,3,2,disappointed,0.5186496376991272
742,2,2,dump,1.0
743,2,2,blurry,0.5185607075691223
744,5,5,thank,0.6249766945838928
745,5,5,wow,1.0
746,5,5,wow,0.5236696004867554
747,5,5,wow,0.5150332450866699
748,5,5,wonderful,0.5955918431282043
749,4,4,good,0.8028362989425659
750,4,4,off-strip,1.0
751,4,5,great,0.6708934903144836
752,4,5,good,0.7384214401245117
753,4,5,overall,0.9249897599220276
754,4,5,good,0.8982958793640137
755,4,5,tiny,-1.0
756,2,3,rickety,1.0
757,5,5,pleasure,0.5065945982933044
758,5,5,best,1.0
759,5,5,experience,0.5797864198684692
760,5,5,highly,0.6790136694908142
761,3,3,great,-1.0
762,3,3,refused,0.8570460081100464
763,5,5,impresses,0.8010323643684387
764,5,5,spotless,0.5267235636711121
765,5,5,bert,1.0
766,5,5,bert,0.903772234916687
767,3,3,loud,0.7638097405433655
768,3,3,no,0.7124642133712769
769,3,3,sleep,0.5314794778823853
770,3,3,great,-1.0
771,5,5,best,1.0
772,5,5,experience,0.5545119047164917
773,5,5,omni,0.6242541074752808
774,5,5,silent,0.5394782423973083
775,5,5,excellent,0.891122043132782
776,5,5,great,0.8351795077323914
777,5,5,will,1.0
778,5,5,back,0.7238013744354248
779,3,4,ok,1.0
780,5,5,best,0.5104039311408997
781,5,5,sevice,1.0
782,4,5,bit,1.0
783,4,5,trashier,-0.7463165521621704
784,4,5,convenient,0.6867585778236389
785,4,5,never,-0.5858523845672607
786,4,4,convenient,0.50090092420578
787,4,4,t,-0.5909974575042725
788,4,4,small,-0.509029746055603
789,4,4,vallet,-0.922158420085907
790,4,4,good,1.0
791,4,5,good,1.0
792,4,5,steakhouse,0.5870508551597595
793,5,5,üíú,1.0
794,2,2,uncomfortable,0.6805303692817688
795,2,2,worn,0.5071765780448914
796,2,2,n't,0.5834917426109314
797,2,2,sleep,0.6023766994476318
798,2,2,ever,0.5042428970336914
799,2,2,loved,-1.0
800,3,3,average,0.8708255887031555
801,3,3,below-average,1.0
802,5,5,best,1.0
803,5,5,clean,0.5068020224571228
804,5,5,comfortable,0.5909516215324402
805,5,5,outstanding,1.0
806,5,5,alright,-0.8333108425140381
807,2,2,shabby,0.6525114178657532
808,2,2,existent,1.0
809,2,2,clue,0.63433837890625
810,2,2,bungalows,-0.7084119319915771
811,4,4,good,1.0
812,4,4,stay,0.6393742561340332
813,4,4,good,0.7621601223945618
814,4,4,although,0.726600706577301
815,4,4,old,0.6579251885414124
816,5,5,.ca,1.0
817,4,3,great,0.8056790828704834
818,4,3,location,1.0
819,4,3,selection,0.557684600353241
820,4,3,but,0.5405083894729614
821,5,5,ghiardelli,1.0
822,5,5,belligo,1.0
823,5,5,strip/,1.0
824,5,5,exceptional,0.8004826307296753
825,4,3,weird,0.6793814301490784
826,4,3,wold,-1.0
827,5,5,great,1.0
828,4,3,overall,0.8524841070175171
829,4,3,overall,0.8586954474449158
830,4,3,good,0.7677934169769287
831,4,3,good,1.0
832,5,5,connoisseur,1.0
833,2,2,worst,0.8692847490310669
834,2,2,precious,-0.5896456837654114
835,2,2,filthy,1.0
836,2,2,disgusting,0.6448670625686646
837,5,5,perfect,0.7538958191871643
838,5,5,will,1.0
839,5,5,definitely,0.657495379447937
840,5,5,beautiful,0.6015244126319885
841,5,5,but,-0.8396685123443604
842,5,5,quiet,0.5753690600395203
843,5,5,great,1.0
844,5,5,comfortable,0.5472192764282227
845,5,5,great,0.693740725517273
846,5,5,spirited,0.7765989899635315
847,5,5,genuinely,1.0
848,5,5,will,0.6827895045280457
849,5,5,amazing,1.0
850,4,5,nice,1.0
851,4,5,stylish,0.5087299942970276
852,4,5,stocked,-0.619149386882782
853,4,5,but,0.5452486872673035
854,2,2,terrible,1.0
855,5,5,wonderful,1.0
856,5,5,happier,0.8486586809158325
857,5,4,wynns,1.0
858,5,4,fantastic,0.9619957804679871
859,5,4,bikinis,-0.8443425297737122
860,5,5,wonderful,0.7562259435653687
861,5,5,congress,-1.0
862,5,5,outstanding,0.5456430912017822
863,5,5,amazing,1.0
864,5,5,bit,-0.5216639041900635
865,5,5,best,1.0
866,5,5,langham,0.7559303045272827
867,5,5,thank,0.788634717464447
868,4,4,good,1.0
869,4,5,good,0.5499900579452515
870,4,5,good,1.0
871,4,5,stay,0.5139472484588623
872,4,4,great,1.0
873,4,4,updating,-0.6006597876548767
874,4,4,slow,0.8692944049835205
875,5,2,accident,0.9574931263923645
876,5,2,caution,-1.0
877,5,2,sadly,-0.8911733031272888
878,5,2,escorted,0.6256142854690552
879,5,2,thank,0.6830556392669678
880,4,4,perfect,-0.8032442331314087
881,4,4,location,0.9642982482910156
882,4,4,central,1.0
883,4,4,ideal,-0.7082196474075317
884,4,4,rooms,0.5553830862045288
885,4,4,very,0.7191995978355408
886,4,5,great,0.5808663964271545
887,4,5,great,-1.0
888,4,5,hotel,-0.7186459302902222
889,4,5,only,0.6836187839508057
890,4,5,issues,0.9456861615180969
891,4,5,loved,-0.5297363996505737
892,5,5,beautifully,0.9121775031089783
893,5,5,great,1.0
894,5,5,great,0.8019326329231262
895,5,5,spotless,1.0
896,4,4,nice,0.6735644936561584
897,4,4,downside,1.0
898,3,3,okay,1.0
899,4,4,great,-0.573657214641571
900,4,4,stay,-0.5729147791862488
901,4,4,enjoyed,0.8650817275047302
902,4,4,however,1.0
903,4,4,loudest,-0.5795489549636841
904,4,4,love,0.7933121919631958
905,4,4,vintage,0.5943288207054138
906,4,4,line-ups,1.0
907,3,3,awesome,-0.9134175777435303
908,3,3,unfortunate,0.5384644269943237
909,3,3,rating,1.0
910,3,3,but,0.6867621541023254
911,4,3,comfortable,0.6633751392364502
912,4,3,hampered,1.0
913,4,3,not,-0.6668595671653748
914,4,4,great,-0.5037160515785217
915,4,4,fine,0.5355638265609741
916,4,4,only,0.5820728540420532
917,4,4,drawback,1.0
918,4,4,only,0.7763071656227112
919,4,4,criticism,1.0
920,5,5,loved,1.0
921,5,5,attempt,-0.7924731373786926
922,5,5,perfect,0.5442214608192444
923,5,5,highly,0.8163366913795471
924,4,3,breakfast/room,1.0
925,4,5,nice,0.5347232222557068
926,4,5,good,0.8657010793685913
927,4,5,wonderful,-1.0
928,4,4,good,0.8030700087547302
929,4,4,slightly,0.7130315899848938
930,4,4,dated,1.0
931,3,3,ok.,0.9546824097633362
932,3,3,terrible,1.0
933,3,3,limited,0.5881143808364868
934,4,3,nice,0.8799477219581604
935,4,3,helpful,0.7374787330627441
936,4,3,great,1.0
937,5,5,amazing,0.7512043714523315
938,5,5,lengths,0.78095543384552
939,5,5,cleo,0.6247629523277283
940,5,5,amazing,1.0
941,5,5,hotel,0.5425509214401245
942,5,5,seemed,-0.6030687689781189
943,5,5,beyond,0.7840574383735657
944,5,5,patricia,-0.5279321670532227
945,5,5,disappointed,-0.6106102466583252
946,5,5,great,0.5968892574310303
947,5,5,excellent,1.0
948,4,4,great,0.9230284690856934
949,4,4,improved,1.0
950,4,4,good,0.784450888633728
951,4,4,overall,0.5651100873947144
952,4,4,minor,0.7349683046340942
953,3,4,perfect,-0.590882420539856
954,3,4,pasted,1.0
955,5,5,joke,-0.7748507261276245
956,5,5,londonhouse,1.0
957,5,5,awesome,0.6466683745384216
958,3,2,not,0.6831771731376648
959,3,2,39th,-0.5420401692390442
960,3,2,recomended,-1.0
961,5,5,excellent,1.0
962,3,3,nice,-0.6571541428565979
963,3,3,renovations,0.9437320828437805
964,3,3,need,0.7697560787200928
965,3,3,not,1.0
966,2,2,unresponsive,1.0
967,3,4,ok,1.0
968,3,4,tiny,0.9911637902259827
969,3,4,pleasurable,-0.855904221534729
970,2,3,n't,1.0
971,5,5,great,1.0
972,5,5,definitely,0.566075325012207
973,5,5,recommend,0.5296919345855713
974,5,5,but,-0.6499348282814026
975,3,3,tired,1.0
976,3,3,acceptable,0.8371608257293701
977,3,3,however,0.6566770076751709
978,5,5,small,-0.6990422606468201
979,5,5,reason,-0.8048973083496094
980,5,5,spotless,1.0
981,5,5,n't,-0.6072564721107483
982,5,5,forward,0.6233589053153992
983,5,5,archer,0.5454070568084717
984,5,5,anywhere,0.6099445819854736
985,5,5,else,0.5963384509086609
986,5,5,thank,0.9422847032546997
987,5,3,tl,1.0
988,2,2,ok,-0.5002996325492859
989,2,2,ruined,1.0
990,4,4,great,0.6863921284675598
991,4,4,-not,-0.7410760521888733
992,4,4,fuzzy,1.0
993,5,5,disappointed,-0.918324887752533
994,5,5,unmatched,1.0
995,5,5,soothing,0.7350659370422363
996,5,5,bellagio,0.6339997053146362
997,5,5,elegant,0.6113599538803101
998,5,5,bit,-0.8235549330711365
999,5,5,however,-0.5575356483459473
1000,5,5,best,0.6833138465881348
1001,5,5,definitely,0.5069817304611206
1002,4,3,tere,1.0
1003,4,3,good,1.0
1004,5,5,great,1.0
1005,5,5,experience,0.8830981850624084
1006,5,5,will,0.6241006255149841
1007,4,4,spotlessly,-1.0
1008,5,4,loved,1.0
1009,5,4,genuine,0.9464070200920105
1010,5,5,favorite,1.0
1011,5,5,amazing,1.0
1012,5,5,thanks,0.7703916430473328
1013,5,5,will,0.5653413534164429
1014,5,5,allot,-0.9986485838890076
1015,5,5,superb,1.0
1016,5,5,elysee,0.6134665012359619
1017,5,5,finland,0.8470612168312073
1018,5,5,fantastic,1.0
1019,5,5,experience,0.5033552646636963
1020,5,5,fantastic,0.8304279446601868
1021,5,5,..all,1.0
1022,4,5,good,0.90534508228302
1023,4,5,cosy,-0.6150739192962646
1024,4,5,fine.the,-1.0
1025,5,5,great,0.7246290445327759
1026,5,5,deeper,0.5967316031455994
1027,5,5,highly,1.0
1028,5,5,recommending,0.604335606098175
1029,3,3,updating,1.0
1030,2,2,hokey,1.0
1031,2,2,excellent,-0.7278047800064087
1032,2,2,never,0.9873034954071045
1033,5,4,great,1.0
1034,5,4,living,0.7904740571975708
1035,2,2,terrible,0.605008602142334
1036,2,2,w-,0.9176291823387146
1037,2,2,redeeming,1.0
1038,2,2,impractical,0.5196895003318787
1039,2,2,fun,-0.50491863489151
1040,4,4,frills,1.0
1041,4,4,topped,-0.9052770137786865
1042,4,4,great,0.948575496673584
1043,5,4,however,-0.6806667447090149
1044,5,4,highly,1.0
1045,5,5,favorites,1.0
1046,5,5,notch,0.527066707611084
1047,5,5,fantastic,1.0
1048,5,5,best,0.5678596496582031
1049,5,5,amazing,1.0
1050,5,5,thank,0.7248811721801758
1051,4,4,nice,0.7850354909896851
1052,4,4,mc,0.6355394124984741
1053,4,4,cormick,0.5657196044921875
1054,4,4,helpfull,-1.0
1055,5,4,amazing,1.0
1056,5,5,home,0.7496829628944397
1057,5,5,prosecco,1.0
1058,5,5,will,0.7477388381958008
1059,5,5,definitely,0.6893901824951172
1060,5,5,stay,0.5759570598602295
1061,4,4,great,0.6236356496810913
1062,4,4,superb,-1.0
1063,4,4,recommending,-0.6733134984970093
1064,4,5,homie,0.9866557121276855
1065,4,5,cleanses,-1.0
1066,2,2,pleasantly,-0.8783499598503113
1067,2,2,downhill,0.6497663855552673
1068,2,2,atall,1.0
1069,2,2,rude,0.58130943775177
1070,4,5,acess,1.0
1071,4,4,easy,0.5539382696151733
1072,4,4,annoying,-1.0
1073,4,4,overbearing,0.5672656297683716
1074,4,4,wear,-0.5883691310882568
1075,5,4,home,0.6924080848693848
1076,5,4,perfect,0.7077322006225586
1077,5,4,incredibly,-1.0
1078,5,4,difficult,-0.6123676300048828
1079,2,2,not,0.5257915258407593
1080,2,2,great,-1.0
1081,2,2,african,0.7762113809585571
1082,2,2,avoid,0.8243783116340637
1083,2,2,dump,0.992605984210968
1084,4,5,nice,1.0
1085,4,5,stay,0.7512810230255127
1086,4,5,crowded,0.5437554121017456
1087,3,3,nice,0.5753469467163086
1088,3,3,appreciated,-0.8411458730697632
1089,3,3,sorry,0.7372260093688965
1090,3,3,home,-1.0
1091,5,5,relaxing,0.6885461211204529
1092,5,5,trump,0.6538048386573792
1093,5,5,great,0.7447078227996826
1094,5,5,relaxed,0.9369528293609619
1095,5,5,perfect,1.0
1096,5,5,excellent,0.9219220876693726
1097,4,4,pushy,1.0
1098,5,5,excellent,0.5019447803497314
1099,5,5,veranda,0.7019200921058655
1100,5,5,outstandingly,1.0
1101,5,5,a*****,1.0
1102,5,5,experience,0.6286807060241699
1103,5,5,stars,-0.6601008772850037
1104,5,5,thank,0.7474005818367004
1105,4,4,great,1.0
1106,4,4,bit,0.9124098420143127
1107,5,5,excellent,1.0
1108,5,5,highly,0.5036615133285522
1109,5,5,excellence,1.0
1110,5,5,excellent,1.0
1111,4,4,gerard,-1.0
1112,4,4,bronze,0.8235712051391602
1113,4,4,smallish,0.6693288087844849
1114,4,4,excellent,-0.5559619665145874
1115,2,3,terrible,1.0
1116,5,5,boutique-y,1.0
1117,5,5,great,0.6858605146408081
1118,5,5,happy,0.6392006874084473
1119,5,5,will,1.0
1120,5,5,back,0.8311814665794373
1121,5,5,disappointed,-1.0
1122,5,5,best,0.7905483841896057
1123,5,5,capsule,-1.0
1124,5,5,best,0.636631190776825
1125,5,5,positioned,0.5809899568557739
1126,5,4,premier,0.7410998344421387
1127,5,4,good,-0.8482023477554321
1128,5,4,pleas,-0.9972333312034607
1129,5,4,only,-0.6062753796577454
1130,5,4,small,-0.6518497467041016
1131,5,4,great,1.0
1132,5,4,forward,0.8445984125137329
1133,5,4,returning,0.6202399730682373
1134,4,4,good,0.8330784440040588
1135,4,4,experience,0.5626664757728577
1136,4,4,bit,1.0
1137,4,4,frustrating,-0.5125888586044312
1138,4,4,p.m.,-0.5219441652297974
1139,4,4,however,0.786432147026062
1140,4,4,fantastic,-0.8948352932929993
1141,4,4,madam,-0.5230093002319336
1142,4,4,lone,-0.8484362959861755
1143,4,4,adequate,1.0
1144,5,5,understated,0.7360793352127075
1145,5,5,elegance,0.6602727174758911
1146,5,5,flawless,1.0
1147,5,5,highly,0.7968360185623169
1148,3,3,meh,1.0
1149,2,2,disgustingly,0.7261420488357544
1150,2,2,dirty,1.0
1151,2,2,poor,0.5032013654708862
1152,5,5,perfect,1.0
1153,5,5,craziest,1.0
1154,5,5,wonderful,1.0
1155,5,5,love,0.8497344851493835
1156,5,5,thank,1.0
1157,5,5,will,0.7354711294174194
1158,5,5,best,1.0
1159,2,3,n't,0.7463849782943726
1160,2,3,honor,0.8253226280212402
1161,2,3,involved,0.535753071308136
1162,2,3,bad,1.0
1163,4,4,great,0.7246578335762024
1164,4,4,location,0.9727457165718079
1165,4,4,but,0.7465588450431824
1166,4,4,pleasant,1.0
1167,4,4,good,1.0
1168,5,5,girls,0.5311424136161804
1169,5,5,great,0.715374231338501
1170,5,5,perfect,0.6185436844825745
1171,5,5,basic,-1.0
1172,5,5,will,0.7011549472808838
1173,5,5,phenomenal,1.0
1174,5,5,juan,-0.5499039888381958
1175,5,5,adrian,0.9452816843986511
1176,3,3,tiny,0.5755823254585266
1177,3,3,great,-1.0
1178,3,3,annoying,0.879163384437561
1179,5,5,mid-century,0.7470502257347107
1180,5,5,fantastic,1.0
1181,2,2,angry,0.5366954803466797
1182,2,2,uncaring,1.0
1183,4,5,great,0.7284108996391296
1184,4,5,beyond,-0.6516987681388855
1185,4,5,flexibility,-0.595767080783844
1186,4,5,merchant,0.6111131906509399
1187,4,5,launderette,-1.0
1188,4,5,dryers,0.618573009967804
1189,4,5,bit,0.8950154185295105
1190,5,5,exuberance,1.0
1191,4,5,pretzel,1.0
1192,5,5,wires,-1.0
1193,3,3,ok,1.0
1194,3,3,moldy,0.8586962223052979
1195,5,5,great,0.7453011870384216
1196,5,5,nice,-0.9038950204849243
1197,5,5,botique,0.9234954118728638
1198,5,5,oculus,1.0
1199,5,5,luxurious,0.5495930910110474
1200,5,5,overall,-0.5492621660232544
1201,5,5,amazing,1.0
1202,5,5,perfect,1.0
1203,5,5,room/staff,0.8695417642593384
1204,4,5,excellent,-0.6232432126998901
1205,4,5,..lots,1.0
1206,5,5,best,1.0
1207,5,5,great,0.6127785444259644
1208,5,5,immaculate,1.0
1209,5,5,8s,-0.511986255645752
1210,4,4,living,-0.9947888851165771
1211,4,4,small,1.0
1212,4,4,no,0.8311673998832703
1213,4,4,kinda,0.9931042790412903
1214,5,5,great,0.5637837648391724
1215,5,5,charges,-1.0
1216,5,5,will,0.6473867893218994
1217,5,5,amazing,0.8572683930397034
1218,5,5,fav,1.0
1219,5,5,excellent,0.8116101026535034
1220,5,5,wonderful,0.7643191814422607
1221,4,5,walkers,1.0
1222,2,2,rude,0.7947250604629517
1223,2,2,poor,1.0
1224,2,2,good,-0.5881078839302063
1225,2,2,carpet,0.581625759601593
1226,2,2,joke,0.5292612314224243
1227,2,2,filthy,1.0
1228,4,4,float,0.6570760011672974
1229,4,4,lovely,1.0
1230,5,4,great,1.0
1231,5,4,hotel,0.6129024028778076
1232,5,5,outstanding,1.0
1233,5,5,conservatory,0.9200131297111511
1234,4,5,slow,0.8263524770736694
1235,4,5,great,0.7658444046974182
1236,4,5,score,1.0
1237,5,5,thanks,0.8202409744262695
1238,5,5,awesome,1.0
1239,2,2,horrible,1.0
1240,2,2,average,-0.5026804804801941
1241,2,2,dirty,0.5282272100448608
1242,2,2,amazing,-0.6517328023910522
1243,4,4,needing,1.0
1244,4,4,kettering,-0.503182590007782
1245,4,4,fabulous,-0.5325611233711243
1246,5,4,bash,0.6400001049041748
1247,5,4,lovely,1.0
1248,5,4,helpful,0.5289825797080994
1249,5,4,eric,0.5631070733070374
1250,5,4,overall,-0.5764836072921753
1251,5,4,experience,0.5237019062042236
1252,5,4,not,-0.5934227108955383
1253,5,4,charged,-0.683276355266571
1254,5,5,fun,0.596932053565979
1255,5,5,without,0.5802517533302307
1256,5,5,good,-1.0
1257,5,5,issues,-0.8620156049728394
1258,5,5,will,0.8016147017478943
1259,5,5,stay,0.5837439298629761
1260,5,5,always,0.6692578792572021
1261,5,5,clean,0.5220738053321838
1262,5,5,amazing,0.5988801121711731
1263,5,5,welcoming,0.5331065654754639
1264,5,5,amazing,0.9091180562973022
1265,5,5,highly,1.0
1266,5,5,thank,0.987820029258728
1267,5,5,oculus,0.9399943947792053
1268,5,5,incredible,1.0
1269,2,2,frustrating,0.7525440454483032
1270,2,2,workshops,1.0
1271,2,2,damaged,0.612199604511261
1272,4,3,but,1.0
1273,4,3,small,0.5193191766738892
1274,4,3,comfortable,0.6969244480133057
1275,4,3,claustrophobic,-0.8046491742134094
1276,4,3,styled,0.9787555932998657
1277,4,3,bummer,0.5758754014968872
1278,4,3,good,0.6260560154914856
1279,4,3,adagio,0.5310872197151184
1280,5,5,will,0.5966957807540894
1281,5,5,wonderful,0.8432818055152893
1282,5,5,awesome,1.0
1283,5,5,perfect,0.5799828767776489
1284,5,5,hubbub,1.0
1285,5,5,best,0.9819133877754211
1286,5,5,hotel,0.5037313103675842
1287,5,5,greets,1.0
1288,5,5,great,1.0
1289,4,4,good,1.0
1290,4,4,quiet,0.785921573638916
1291,4,4,bit,0.9327700734138489
1292,4,4,outdated,-0.5034923553466797
1293,4,4,no,-0.5485881567001343
1294,5,5,great,1.0
1295,5,5,bosses,0.7483572959899902
1296,5,5,excalibur,-0.729286789894104
1297,5,4,excellent,1.0
1298,5,4,beyond,0.8947291970252991
1299,5,4,terrific,0.8765789270401001
1300,4,3,great,0.8456224799156189
1301,4,3,generally,0.7885781526565552
1302,4,3,excellent,-1.0
1303,5,5,awesome,1.0
1304,5,5,barnes,-0.7198458313941956
1305,5,5,impressed,0.5562182068824768
1306,5,5,thank,0.5308931469917297
1307,5,5,riverfront,1.0
1308,5,5,commentary,-0.6191999912261963
1309,5,5,amazing,1.0
1310,5,5,will,0.8390029072761536
1311,5,5,perfect,0.6049495935440063
1312,5,5,loud,-1.0
1313,5,5,homey,0.7941252589225769
1314,5,5,loved,1.0
1315,5,5,thank,0.6211248636245728
1316,3,4,bad,0.5582613945007324
1317,3,4,ibar,-1.0
1318,3,4,average,0.7098873257637024
1319,4,5,excellent,-0.5909088253974915
1320,4,5,small,0.541551411151886
1321,4,5,nautically,-1.0
1322,5,5,perfect,1.0
1323,5,5,cafes,-0.9830406308174133
1324,5,5,link,0.6493034362792969
1325,5,5,definately,0.7505963444709778
1326,5,5,back,0.7308289408683777
1327,3,3,great,-0.7525497674942017
1328,3,3,average,1.0
1329,5,5,perfect,1.0
1330,5,5,n't,-0.53196120262146
1331,5,5,pop,0.9322240948677063
1332,5,5,delicious,0.9229149222373962
1333,5,5,will,1.0
1334,2,2,robbed,0.935515820980072
1335,2,2,stolen,1.0
1336,2,5,best,-0.9028663039207458
1337,2,5,never,0.8521763682365417
1338,2,5,dlls,1.0
1339,5,5,lacked,-0.6272299289703369
1340,5,5,oozes,1.0
1341,5,5,class,0.6678842902183533
1342,5,5,ordinary,-0.8520305752754211
1343,4,4,great,0.6842830777168274
1344,4,4,horrendous,-1.0
1345,4,4,avoid,-0.7244623303413391
1346,4,4,good,0.6794686317443848
1347,4,4,q,0.6291369199752808
1348,4,4,noisy,1.0
1349,4,4,bld,-0.5605046153068542
1350,2,2,asbestos,0.5074152946472168
1351,2,2,filthy,1.0
1352,4,4,great,1.0
1353,4,4,clean,0.5914230942726135
1354,4,4,comfortable,0.8916123509407043
1355,4,4,but,0.7950222492218018
1356,4,4,older,0.7637258768081665
1357,2,2,dated,0.9116109609603882
1358,2,2,fun,-0.7325878739356995
1359,2,2,zero,1.0
1360,2,2,joke,0.748257040977478
1361,2,2,tracking,0.9431025981903076
1362,5,5,nice,-0.6168609857559204
1363,5,5,pleased,0.5579088926315308
1364,5,5,small,-1.0
1365,5,5,but,-0.515868604183197
1366,5,5,importantly,0.6671599745750427
1367,5,5,clean,0.6158862709999084
1368,5,5,great,1.0
1369,3,3,average,1.0
1370,4,5,great,0.9928695559501648
1371,4,5,location,0.7330840826034546
1372,4,5,not,0.755424439907074
1373,4,5,but,0.9202287793159485
1374,4,5,somewhere,1.0
1375,4,5,base,0.8326879143714905
1376,5,4,thanks,0.7848539352416992
1377,5,4,irina,1.0
1378,5,5,perfection,1.0
1379,4,4,fabulous,-0.6763840913772583
1380,4,4,average,0.810458242893219
1381,4,4,enjoyed,1.0
1382,3,3,unsecured,1.0
1383,3,3,ok,1.0
1384,3,3,ok.,0.8036729097366333
1385,3,3,noisy,0.6834949254989624
1386,4,5,fabulous,0.5989887118339539
1387,4,5,updated,0.591888964176178
1388,4,5,quiet,0.9595458507537842
1389,4,5,convenient,1.0
1390,4,5,average,-0.8660138845443726
1391,4,5,extremely,0.7125601172447205
1392,4,5,small,1.0
1393,4,5,but,0.5066626071929932
1394,4,5,will,-0.8205482959747314
1395,3,4,small,0.512479841709137
1396,3,4,excellent,-0.6229978799819946
1397,3,4,not,0.9740515947341919
1398,3,4,rating,1.0
1399,2,3,no-show,1.0
1400,2,3,lousy,0.6078417301177979
1401,3,3,amazing,-1.0
1402,5,5,amazing,1.0
1403,5,5,fantastic,1.0
1404,5,5,highly,0.5307593941688538
1405,5,4,walk-in,0.5414511561393738
1406,5,4,sweetheart,0.5884100198745728
1407,5,4,beauty,0.5002375841140747
1408,5,4,conrad,1.0
1409,5,4,wonderful,0.8396089673042297
1410,4,4,dated,-0.7462670207023621
1411,4,4,overpriced,-1.0
1412,4,4,great,0.5838444828987122
1413,4,4,respectful,0.7008334398269653
1414,5,4,excellent,1.0
1415,5,3,great,0.5697336792945862
1416,5,3,best,1.0
1417,5,3,amazing,0.504147469997406
1418,5,3,thanks,0.8119877576828003
1419,5,5,loved,1.0
1420,3,2,poor,-0.7617104649543762
1421,3,2,disorganized,0.9906577467918396
1422,3,2,rude,0.632205069065094
1423,3,2,nice,0.9276517033576965
1424,3,2,nice,0.8159606456756592
1425,3,2,smokey,0.5279571413993835
1426,3,2,slow,1.0
1427,5,4,pick-up,1.0
1428,5,5,cosmopolitain,1.0
1429,5,5,vdara,0.5954017043113708
1430,5,5,great,1.0
1431,5,5,needs,-0.5334690809249878
1432,5,5,will,0.9141214489936829
1433,5,5,back,0.7976830005645752
1434,4,4,dint,0.8135568499565125
1435,4,4,good,1.0
1436,4,4,overall,0.8942515850067139
1437,4,4,great,-0.6287768483161926
1438,5,5,below,-0.6835082769393921
1439,5,5,best,1.0
1440,5,5,awesome,0.7474662065505981
1441,5,5,residences,1.0
1442,5,5,remarkable,0.5729033946990967
1443,5,5,outstanding,1.0
1444,5,5,experience,0.5126926898956299
1445,5,5,best,1.0
1446,2,3,old,0.5403273701667786
1447,2,3,incredibly,0.6823358535766602
1448,2,3,noisy,1.0
1449,2,3,conditioning,0.8277249932289124
1450,5,5,great,1.0
1451,4,4,smoke-free,-1.0
1452,4,4,lack,0.5340781211853027
1453,4,4,otherwise,0.8578391075134277
1454,4,4,otherwise,0.5170873403549194
1455,4,4,problematic,0.5180553197860718
1456,4,4,zero,-1.0
1457,4,4,great,0.7397254705429077
1458,5,5,awesome,1.0
1459,4,3,great,1.0
1460,4,3,good,0.5902637839317322
1461,4,3,driven,-0.5376255512237549
1462,5,5,amazing,1.0
1463,5,5,slow,-0.6525737643241882
1464,5,4,exceptional,1.0
1465,5,4,jahaida,0.841444730758667
1466,5,4,danny,0.771411120891571
1467,4,4,improved,1.0
1468,4,4,good,0.7121437191963196
1469,5,5,palazzo,0.5112429261207581
1470,5,5,notch,1.0
1471,4,5,haved,1.0
1472,5,3,trump,1.0
1473,5,3,liked,0.8699027895927429
1474,5,3,beautiful,0.7963703870773315
1475,5,3,n't,-0.8675061464309692
1476,5,3,appreciated,0.6883634924888611
1477,4,4,best,-1.0
1478,3,3,average,1.0
1479,4,4,nice,0.6945911645889282
1480,4,4,but,0.507222056388855
1481,4,4,need,0.5282196402549744
1482,4,4,best,-1.0
1483,4,4,pleasant,0.7650502920150757
1484,4,4,good,1.0
1485,4,4,appreciated,0.5260447859764099
1486,4,4,conferencing,-0.5663667321205139
1487,5,4,roomy,1.0
1488,5,5,wonderful,1.0
1489,5,5,great,1.0
1490,5,5,fab,0.521486222743988
1491,4,5,convenient,1.0
1492,5,5,masters,-0.6917699575424194
1493,5,5,sfsu,-1.0
1494,5,5,fantastic,0.9775474667549133
1495,3,3,thin,0.5140254497528076
1496,3,3,noisy,0.7383348941802979
1497,3,3,great,-1.0
1498,3,3,everyone,-0.6535453796386719
1499,3,3,somewhere,0.5812311172485352
1500,4,4,compact,0.5992904305458069
1501,4,4,nice,0.9384534358978271
1502,4,4,solo,1.0
1503,4,4,downside,0.7354143261909485
1504,4,4,noisy,-0.978131115436554
1505,4,4,nice,1.0
1506,4,4,stay,0.6990328431129456
1507,4,4,drawback,0.6591355204582214
1508,4,4,bit,0.9076671004295349
1509,4,4,fantastic,-0.5937910079956055
1510,3,3,however,0.9668527841567993
1511,3,3,old,0.9883176684379578
1512,3,3,hopeless,1.0
1513,3,3,generally,0.5469902753829956
1514,4,5,fortnight,1.0
1515,5,5,rogers,0.8010372519493103
1516,5,5,will,1.0
1517,4,4,beefeater,0.7091994881629944
1518,4,4,velvet,-1.0
1519,4,4,disappointed,1.0
1520,4,4,nice,1.0
1521,4,4,clean,0.5840427279472351
1522,4,4,comfortable,0.5970554947853088
1523,4,4,good,0.8631889224052429
1524,4,4,bit,0.6932546496391296
1525,5,4,awesome,0.5738162398338318
1526,5,4,fascinating,0.6609499454498291
1527,5,4,lack,-1.0
1528,5,4,back,0.6780866980552673
1529,4,4,story-,-1.0
1530,4,5,best,-0.5942974090576172
1531,4,5,average,1.0
1532,4,5,favorites,-0.622006893157959
1533,3,3,disappointed,1.0
1534,3,3,ok.,0.5623751282691956
1535,3,3,annoying,0.7946951985359192
1536,4,4,good,1.0
1537,4,4,friendly-,-0.5345615744590759
1538,5,4,easy,0.8344406485557556
1539,5,4,will,1.0
1540,5,4,some,-0.5310566425323486
1541,5,5,fantastic,1.0
1542,5,5,hotel,0.5138118267059326
1543,5,5,perfect,0.6025373339653015
1544,5,5,underline,-0.5168946385383606
1545,5,5,thanks,0.7193098068237305
1546,5,4,meds,1.0
1547,5,4,marc,0.710175633430481
1548,5,5,loved,1.0
1549,5,5,notch,0.7679513096809387
1550,5,5,thank,0.9774191379547119
1551,5,5,wonderful,0.5554627776145935
1552,4,5,good,1.0
1553,4,5,small,0.610378623008728
1554,5,5,excellent,0.5785542726516724
1555,5,5,else..,1.0
1556,4,4,slow,1.0
1557,4,4,fantastic,-0.598394513130188
1558,3,3,good,-0.6598317623138428
1559,3,3,stars,0.5755848288536072
1560,3,3,decent,1.0
1561,3,3,nicely,-0.8233063220977783
1562,3,3,scoring,0.5235808491706848
1563,3,3,degrees,0.5073803067207336
1564,5,5,awesome,1.0
1565,5,5,superb,1.0
1566,5,5,awsome,1.0
1567,5,5,awesome,1.0
1568,4,4,value,0.5075244903564453
1569,4,4,great,0.687092661857605
1570,4,4,only,0.7500404119491577
1571,4,4,issue,1.0
1572,4,4,perfect,-0.6057379841804504
1573,5,5,excellent,1.0
1574,5,5,waaaaay,0.8466293811798096
1575,5,3,beautifu,1.0
1576,5,5,professionalism,0.7040828466415405
1577,5,5,reason,-0.5985360741615295
1578,5,5,outstanding,1.0
1579,5,5,mona,0.6713036894798279
1580,5,5,upcoming,0.6404927968978882
1581,5,5,awesome,1.0
1582,5,5,amazing,0.981432318687439
1583,5,5,assemblage,1.0
1584,2,2,bait,1.0
1585,5,5,good,-0.886931300163269
1586,5,5,great,1.0
1587,5,5,but,-0.5476569533348083
1588,4,5,amazing,-1.0
1589,5,5,breathtaking,0.8345092535018921
1590,5,5,spotless,1.0
1591,5,5,dream,0.5734875798225403
1592,5,5,absolutely,0.6922736167907715
1593,5,5,best,1.0
1594,5,5,experience,0.5939409732818604
1595,5,5,great,0.5737090110778809
1596,5,5,everyone,0.6680170893669128
1597,5,5,bit,-1.0
1598,5,5,small,-0.5501713156700134
1599,5,5,loved,0.901160478591919
1600,5,5,will,0.7071012854576111
1601,4,4,good,1.0
1602,4,4,but,0.5156762599945068
1603,4,4,consider,0.5785766839981079
1604,4,5,timer,0.9103472828865051
1605,4,5,overall,0.533319890499115
1606,4,5,good,1.0
1607,5,5,elegant,1.0
1608,5,5,hotel,0.7011474967002869
1609,5,5,will,0.5401888489723206
1610,5,5,casablanca,1.0
1611,5,5,rocks,0.9801517128944397
1612,4,4,decent,1.0
1613,3,4,small,0.5877518057823181
1614,3,4,rude,1.0
1615,3,4,great,-0.6549195647239685
1616,5,5,excellent,1.0
1617,5,5,perfect,0.5891292691230774
1618,5,5,exceptionally,0.5210568904876709
1619,5,5,excellent,1.0
1620,5,5,mini-vacation,-1.0
1621,5,5,awesome,0.8227916359901428
1622,5,5,will,0.6196555495262146
1623,5,5,back,0.5274055004119873
1624,4,5,mixed,1.0
1625,4,5,.very,0.5040841102600098
1626,4,5,great,-0.5537179708480835
1627,3,3,mediocre,1.0
1628,3,3,unfortunately,1.0
1629,3,3,not,0.5189319252967834
1630,3,3,not,0.7624435424804688
1631,4,4,days/2,-1.0
1632,4,4,good,0.6529278755187988
1633,5,5,fab,1.0
1634,3,3,enjoyed,-1.0
1635,3,3,damaged,0.5284237861633301
1636,3,3,cracked,0.5744533538818359
1637,3,3,ok,0.8856457471847534
1638,5,5,elegant,0.9574275612831116
1639,5,5,small,-0.5582414865493774
1640,5,5,but,-0.5368021726608276
1641,5,5,great,1.0
1642,5,5,love,0.7023001909255981
1643,2,3,rude,0.7385566234588623
1644,2,3,never,1.0
1645,4,5,pleasantly,0.5405886769294739
1646,4,5,calm,-1.0
1647,5,5,sets,1.0
1648,5,5,barry,0.6857261657714844
1649,5,5,retuning,1.0
1650,4,3,bellagio,0.6831481456756592
1651,4,3,good,1.0
1652,4,3,extremely,-0.7299110889434814
1653,4,3,unfriendly,-0.9586383700370789
1654,5,5,wonderful,0.8262067437171936
1655,5,5,outdone,1.0
1656,5,5,excellent,1.0
1657,5,5,highly,0.6753870844841003
1658,5,5,hob,1.0
1659,5,5,immaculate,0.9033908843994141
1660,4,4,good,1.0
1661,2,2,recepcionist,0.7251873016357422
1662,2,2,good,-0.5157813429832458
1663,2,2,failure,0.8321656584739685
1664,2,2,recepcionist,1.0
1665,5,5,chihuly,-1.0
1666,5,5,conservatory,0.6334653496742249
1667,5,5,sanitary,-0.521457314491272
1668,5,5,excellent,1.0
1669,5,5,fantastic,0.8128889203071594
1670,5,5,always,0.859119713306427
1671,5,5,stay,0.9174419641494751
1672,5,5,glad,1.0
1673,5,5,best,1.0
1674,2,2,refunding,1.0
1675,2,2,dishonest,0.550991952419281
1676,4,3,banged,-1.0
1677,5,5,outstanding,1.0
1678,5,5,highly,0.9197936654090881
1679,5,4,great,1.0
1680,5,4,stay,0.8459101915359497
1681,5,4,everything,0.925173282623291
1682,5,4,issue,-0.5469819903373718
1683,5,4,good,-0.5613489747047424
1684,3,3,perfect,-0.7489365935325623
1685,3,3,not,0.5385016202926636
1686,3,3,unfortunately,0.5474662184715271
1687,3,3,extremely,0.5288037061691284
1688,3,3,noisy,1.0
1689,5,5,love,1.0
1690,5,5,thrilled,0.6190447211265564
1691,5,5,highly,0.7339231371879578
1692,5,5,wonderful,1.0
1693,5,5,roosevelt,-0.5170568227767944
1694,5,5,austere,-0.7481163740158081
1695,2,2,disgusting,1.0
1696,2,2,apologize,0.6178059577941895
1697,5,5,superb,0.9392189383506775
1698,5,5,skilled,1.0
1699,5,5,outstanding,0.522423267364502
1700,5,5,eventi,1.0
1701,4,5,bit,0.5464552640914917
1702,4,5,thin,1.0
1703,2,2,temperamental,0.5326650142669678
1704,2,2,sorry,0.6583172678947449
1705,2,2,bad,1.0
1706,4,5,..yes,1.0
1707,4,5,regret,-0.5549699068069458
1708,4,4,syrup,1.0
1709,4,4,with..,-0.8235443830490112
1710,4,5,pleasant,0.9402356743812561
1711,4,5,stat,1.0
1712,4,5,stains,-0.6590288877487183
1713,5,5,irene,1.0
1714,5,5,rushed,-0.6772873997688293
1715,5,4,faultless,1.0
1716,2,3,unhappy,0.8501964211463928
1717,2,3,unpleasant,1.0
1718,2,3,experience,0.6226199865341187
1719,2,3,solve,0.5251786112785339
1720,4,5,wares,1.0
1721,5,5,doctors,-0.6637057065963745
1722,5,5,loved,1.0
1723,5,4,great,0.528637170791626
1724,5,4,excellent,1.0
1725,5,4,perfect,0.7448217868804932
1726,5,4,stars,-0.9857487082481384
1727,5,5,gem,1.0
1728,5,5,loved,0.8093883395195007
1729,5,5,outstanding,1.0
1730,5,5,will,0.8374975323677063
1731,5,5,back,0.670893132686615
1732,5,5,dated,-1.0
1733,3,4,turnoff,1.0
1734,3,3,not,1.0
1735,3,3,controls,-0.8137493133544922
1736,3,3,n't,0.7031068801879883
1737,3,3,work,0.5805140733718872
1738,3,3,waste,0.5984203219413757
1739,3,3,but,0.5107060074806213
1740,3,3,not,0.5322649478912354
1741,3,3,worth,-0.5759363770484924
1742,5,4,enjoyable,-0.5063297152519226
1743,5,4,ashley,0.5899328589439392
1744,5,4,genuine,1.0
1745,4,5,great,-0.9353391528129578
1746,4,5,only,1.0
1747,4,5,stay,-0.6083554625511169
1748,4,5,not,0.7372305989265442
1749,4,5,great,0.6268501281738281
1750,4,5,‚Äù,0.6560249924659729
1751,4,5,crowded,0.9869147539138794
1752,3,3,bit,0.7074019908905029
1753,3,3,fridays,1.0
1754,3,3,worst,0.5947014093399048
1755,5,5,fabulous,1.0
1756,5,5,lengths,0.700837254524231
1757,5,5,home,0.5014365315437317
1758,5,5,amazing,0.5473188757896423
1759,5,5,overrated,-1.0
1760,5,5,lh,0.6977570056915283
1761,5,4,experience,0.6524089574813843
1762,5,4,oasis,0.7551510334014893
1763,5,4,thanks,1.0
1764,5,5,excellent,1.0
1765,5,5,descent,-0.8767392039299011
1766,5,5,nfl,1.0
1767,5,4,great,1.0
1768,4,5,location,0.6164846420288086
1769,4,5,small,1.0
1770,5,5,wonderful,1.0
1771,5,5,phenomenal,0.803583025932312
1772,5,5,loved,0.8193289637565613
1773,5,5,incredible,0.9263330698013306
1774,5,5,relaxation,0.8540237545967102
1775,5,5,will,1.0
1776,5,5,back,0.7360363006591797
1777,5,5,love,0.8765060901641846
1778,5,5,stunning,0.766758382320404
1779,5,5,spectacular,0.7408542037010193
1780,5,5,dating,-1.0
1781,5,5,muscle,0.8560338020324707
1782,5,5,.you,0.7528156638145447
1783,4,5,perfect,0.7379477620124817
1784,4,5,pretty,0.8132901191711426
1785,4,5,good,1.0
1786,5,5,loved,1.0
1787,4,5,dated,1.0
1788,2,4,never,1.0
1789,2,4,buffett,-0.670756995677948
1790,2,4,bad,0.8537093997001648
1791,5,5,perfection,1.0
1792,5,5,seamless,0.7452677488327026
1793,5,5,favorite,0.8731705546379089
1794,3,3,ths,-0.5651008486747742
1795,3,3,tired,1.0
1796,3,3,nicely,0.5650678277015686
1797,5,5,fantastic,1.0
1798,5,5,amazing,0.5005600452423096
1799,5,5,mackenzie,1.0
1800,5,5,rude,-0.59239262342453
1801,4,4,enjoyed,0.5803030133247375
1802,4,4,compact,1.0
1803,3,4,ok,1.0
1804,3,4,dated,0.5988014340400696
1805,3,4,fantastic,-0.5433099865913391
1806,5,5,perfection,1.0
1807,5,5,great,1.0
1808,5,5,always,0.655376136302948
1809,5,5,smiling,0.6677731871604919
1810,5,5,will,0.6649557948112488
1811,5,5,amazing,1.0
1812,5,5,definitely,0.5640940070152283
1813,4,5,minus,1.0
1814,4,5,zero,-0.766381025314331
1815,4,5,good,0.8328694701194763
1816,5,5,awesome,1.0
1817,5,5,great,0.528744101524353
1818,5,4,welcoming,0.734588086605072
1819,5,4,alfonso,-0.5318306088447571
1820,5,4,but,-0.5217283964157104
1821,5,4,thanks,1.0
1822,5,5,outstanding,1.0
1823,4,4,great,0.7175007462501526
1824,4,4,good,0.9829453229904175
1825,4,4,loved,0.6781147122383118
1826,4,4,modern,0.5444836020469666
1827,4,4,poor,-1.0
1828,5,5,girls,0.8144319653511047
1829,5,5,getaway,0.530666172504425
1830,5,5,incredible,1.0
1831,5,5,highly,0.9899483919143677
1832,3,4,dissappointed,1.0
1833,4,5,japantown,0.7046969532966614
1834,4,5,cost-benefit,-1.0
1835,5,5,sixteen,1.0
1836,5,4,welcomed,0.998587965965271
1837,5,4,small,-0.5062618851661682
1838,5,4,great,0.5319123268127441
1839,5,4,bun,-0.6043004393577576
1840,5,4,great,0.8662833571434021
1841,5,4,not,-1.0
1842,3,4,not,0.617817223072052
1843,3,4,basic,1.0
1844,4,4,beyond,-0.765278697013855
1845,4,4,corridors,-0.6209577918052673
1846,4,4,however,1.0
1847,3,2,average,1.0
1848,5,4,best,1.0
1849,3,3,swiftly,-1.0
1850,3,3,noisy,0.8258020877838135
1851,3,3,outdated,0.5900399684906006
1852,3,3,somewhere,0.7841299772262573
1853,4,3,dingy,-0.5640299916267395
1854,4,3,somewhere,-0.5827878713607788
1855,4,3,great,1.0
1856,5,5,quinn,1.0
1857,5,4,amazing,1.0
1858,4,5,stars,0.5942205786705017
1859,4,5,small,1.0
1860,2,2,dirty,1.0
1861,5,5,perfect,0.7452607750892639
1862,5,5,bit,-1.0
1863,5,5,will,0.7088238000869751
1864,5,5,back,0.5462715029716492
1865,4,3,great,1.0
1866,5,5,great,1.0
1867,5,5,location,-0.6865136027336121
1868,5,5,!,0.5282230377197266
1869,5,5,great,0.5524472594261169
1870,5,5,wifi,-0.6139883399009705
1871,5,5,excellent,1.0
1872,5,5,stay,0.5013986229896545
1873,5,5,perfect,1.0
1874,3,2,minimalism,-1.0
1875,3,2,immaculate,-0.6005129814147949
1876,3,2,falls,0.6393380165100098
1877,3,2,broken,0.9320108890533447
1878,5,5,great,0.943437933921814
1879,5,5,spectacular,0.8562560677528381
1880,5,5,floated,0.5608224272727966
1881,5,5,along,0.6744041442871094
1882,5,5,bit,-1.0
1883,4,4,franklin,0.6065242886543274
1884,4,4,charming,-0.7505233883857727
1885,4,4,rounds,0.9846020936965942
1886,4,4,small,0.9872696995735168
1887,4,4,but,0.5559711456298828
1888,4,4,home,-1.0
1889,5,5,palazzo,0.6952092051506042
1890,5,5,fantastic,1.0
1891,5,5,exquisite,0.6047618389129639
1892,5,5,draw,-0.6328645944595337
1893,4,4,adequate,0.50809246301651
1894,4,4,bit,1.0
1895,4,4,cramped,0.5368915796279907
1896,4,4,good,0.7598896622657776
1897,5,5,disappointed,-0.5010180473327637
1898,5,5,bachanal,1.0
1899,5,4,stay,0.5135380029678345
1900,5,4,oscars,-0.7812943458557129
1901,5,4,best,1.0
1902,4,4,showing,1.0
1903,4,4,fun,0.5814167261123657
1904,4,4,never,-0.5902678966522217
1905,5,5,langham,0.5224181413650513
1906,5,5,amazing,1.0
1907,5,5,loved,1.0
1908,5,5,perfect,0.8789853453636169
1909,5,5,lap,0.5030806064605713
1910,5,5,but,-0.629559338092804
1911,5,5,overall,-1.0
1912,5,5,modern,0.782822847366333
1913,5,5,wonderful,1.0
1914,5,5,moxy,0.6836891770362854
1915,5,5,amazing,0.5052861571311951
1916,4,5,liked,1.0
1917,4,5,great,0.8993980884552002
1918,4,4,slow,1.0
1919,4,4,will,-0.5188915729522705
1920,5,4,understands,1.0
1921,3,3,meh,1.0
1922,5,5,great,1.0
1923,5,5,older,-0.5110980868339539
1924,5,5,will,0.6532167196273804
1925,3,3,rude,0.6018442511558533
1926,3,3,rudely,0.5904989242553711
1927,3,3,basic,1.0
1928,4,4,good,1.0
1929,4,4,dark,-0.7272603511810303
1930,2,2,pitiful,0.8950700759887695
1931,2,2,never,0.6493339538574219
1932,2,2,co,-1.0
1933,2,2,good,-0.7018123865127563
1934,5,5,absolutely,0.6532014608383179
1935,5,5,loved,0.7522886395454407
1936,5,5,fantastic,1.0
1937,5,5,excellent,1.0
1938,3,3,avg,1.0
1939,3,3,best,-0.7034661173820496
1940,5,5,wow,0.9297521710395813
1941,5,5,bad,-1.0
1942,5,5,lovely,0.6994873285293579
1943,5,5,loved,0.734454333782196
1944,5,5,bench,0.6777510643005371
1945,2,3,terrible,1.0
1946,5,5,impressed,0.8747192621231079
1947,5,5,excellent,1.0
1948,4,4,great,0.8567649126052856
1949,4,4,location,0.9748726487159729
1950,4,4,beautiful,-0.544497013092041
1951,4,4,incredible,-1.0
1952,5,5,elegant,1.0
1953,5,5,pleasure,0.6030435562133789
1954,5,5,definitely,0.5409033894538879
1955,5,5,favorite,1.0
1956,5,5,great,0.8053427934646606
1957,2,2,filthy,1.0
1958,2,2,unhelpful,0.5594741106033325
1959,2,2,claimed,0.6444528698921204
1960,5,5,great,0.8905887007713318
1961,5,5,love,1.0
1962,5,5,ballys,-0.6444993615150452
1963,5,5,good,-0.6918324828147888
1964,4,4,clean,0.7478393316268921
1965,4,4,nice,1.0
1966,5,5,best,0.5054536461830139
1967,5,5,bellagio,0.577788233757019
1968,5,5,absolutely,0.5155768394470215
1969,5,5,amazing,0.5269864797592163
1970,5,5,best,0.5858719348907471
1971,5,5,amazing,1.0
1972,4,5,mart,1.0
1973,4,5,nice,0.8011800050735474
1974,4,5,stay,0.5525658130645752
1975,4,5,hubbub,-1.0
1976,2,2,small,1.0
1977,2,2,no,0.7104143500328064
1978,2,2,small,0.5556641817092896
1979,2,2,not,0.7600504755973816
1980,2,2,always,-0.5031725168228149
1981,5,5,amazing,0.8824324607849121
1982,5,5,clean,0.8312732577323914
1983,5,5,great,0.908256471157074
1984,5,5,will,1.0
1985,5,5,best,1.0
1986,5,5,thank,0.6103584170341492
1987,5,5,satisfied,0.8340083956718445
1988,5,5,small,-1.0
1989,5,5,will,0.7267273664474487
1990,5,5,unforgetable,1.0
1991,5,5,average,-0.5137920379638672
1992,5,5,wonderful,1.0
1993,5,5,modern,0.6024206280708313
1994,5,5,noisy,-0.5503791570663452
1995,5,5,thoroughly,0.5681983828544617
1996,4,4,relatively,0.642971396446228
1997,4,4,small,1.0
1998,4,4,not,0.5975910425186157
1999,5,5,wow,1.0
2000,5,5,carrier,-0.8862903118133545
2001,5,5,highly,0.568935751914978
2002,5,5,eccellent,1.0
2003,5,5,kindness,0.7003779411315918
2004,5,5,fantastic,0.8304094076156616
2005,5,5,trough,0.6923447847366333
2006,4,5,nice,0.8031933307647705
2007,4,5,good,0.9450185894966125
2008,4,5,location,0.5323830246925354
2009,4,5,cesar,-1.0
2010,5,5,troy,1.0
2011,5,5,exceeded,0.5300881862640381
2012,5,5,julian,0.5279406309127808
2013,5,5,elena,0.8234466910362244
2014,2,3,refused,1.0
2015,2,3,spotlessly,-0.6190503835678101
2016,2,3,clean,-0.5121338963508606
2017,2,3,freezing,0.5397219657897949
2018,2,3,uncomfortably,0.918982207775116
2019,2,3,disappointed,1.0
2020,2,3,not,0.7608970999717712
2021,2,3,terribly,0.8098856806755066
2022,2,3,uncomfortable,0.5947462916374207
2023,5,4,great,1.0
2024,5,4,vultures,-0.8180304169654846
2025,4,4,great,1.0
2026,4,4,location,0.6923816800117493
2027,4,4,loved,-0.8586602807044983
2028,4,4,overall,0.9512519836425781
2029,5,4,however,-0.8142648339271545
2030,5,4,kettering,0.9059760570526123
2031,5,4,campus,1.0
2032,5,5,amazing,1.0
2033,5,5,excellent,0.668706476688385
2034,5,5,comedian,1.0
2035,2,2,great,-0.7231305837631226
2036,2,2,under-staffed,1.0
2037,2,2,terrible,0.6247210502624512
2038,2,2,lawn,0.6817619204521179
2039,2,2,vomit,1.0
2040,4,3,great,1.0
2041,2,2,horrible,0.7667693495750427
2042,2,2,miserable,1.0
2043,2,2,pleasant,-0.7238045334815979
2044,2,2,good,-0.5258063673973083
2045,5,4,dulce,1.0
2046,4,5,good,0.9933159351348877
2047,4,5,great,0.6972829103469849
2048,4,5,location,0.7450336217880249
2049,4,5,trust,-1.0
2050,4,5,need,0.7734143137931824
2051,4,5,thank,-0.9101625680923462
2052,4,4,good,1.0
2053,4,4,small,0.6078467965126038
2054,4,4,practical,0.5722963213920593
2055,5,5,best,1.0
2056,5,5,hotel,0.5492215752601624
2057,5,5,thank,0.8051405549049377
2058,5,5,bowery,0.6857602000236511
2059,4,4,flawless,-1.0
2060,4,4,issues,0.5399503707885742
2061,2,2,precious,-0.6791571378707886
2062,2,2,nowhere,0.6316977143287659
2063,2,2,lovely,-1.0
2064,2,2,disappointing,0.7420840263366699
2065,2,2,ever,0.8013841509819031
2066,2,2,returning,0.829862117767334
2067,3,4,housekeeping/maintenance,0.6848297119140625
2068,3,4,janice,-0.949438750743866
2069,3,4,hopes,0.6708104610443115
2070,3,4,overcharged,0.7013426423072815
2071,3,4,disappointing,1.0
2072,4,4,nice,1.0
2073,4,4,stay,0.6156089901924133
2074,4,4,only,0.7610202431678772
2075,4,4,complaint,0.9452727437019348
2076,5,5,class,0.814466655254364
2077,5,5,happier,1.0
2078,5,5,a+,0.5611735582351685
2079,5,5,hotel2,-0.8311938643455505
2080,5,5,noisy,-0.7351148128509521
2081,2,2,worst,1.0
2082,2,2,liked,-0.7930009365081787
2083,2,2,filthy,0.8006910085678101
2084,4,3,helpfull,-0.549882709980011
2085,4,3,good,1.0
2086,2,2,dirty,1.0
2087,2,2,unhygienic,0.807221531867981
2088,2,2,shabby,0.520851731300354
2089,3,2,musty,0.5519740581512451
2090,3,2,ok,1.0
2091,3,2,pristine,-0.5387046337127686
2092,5,5,lovely,0.5119181871414185
2093,5,5,good,-0.7769724726676941
2094,5,5,bit,-0.8525064587593079
2095,5,5,loved,0.7884310483932495
2096,5,5,deserves,1.0
2097,5,5,perfect,0.7388548851013184
2098,5,5,great,0.5122617483139038
2099,5,5,hotel,0.5293856859207153
2100,5,5,superb,1.0
2101,3,3,ok,1.0
2102,3,3,dated,0.621528685092926
2103,3,3,average,1.0
2104,5,5,amazing,0.7752398252487183
2105,5,5,mesmerizing,1.0
2106,5,5,fantastic,0.5683030486106873
2107,5,5,back,0.5603736639022827
2108,5,5,good,-1.0
2109,5,5,martinique,0.7572042942047119
2110,4,5,beautiful,0.5577068328857422
2111,4,5,clean,0.8296992182731628
2112,4,5,comfortable,1.0
2113,4,5,transparency,0.5656472444534302
2114,4,5,charged,-0.721555769443512
2115,4,5,manually,-0.5534044504165649
2116,4,5,not,-0.554938793182373
2117,4,5,slow,1.0
2118,5,5,terrific,0.9357393980026245
2119,5,5,rushed,-1.0
2120,5,4,age,-0.9187681078910828
2121,5,4,highly,1.0
2122,3,2,unfortunately,0.6959962248802185
2123,3,2,rude,1.0
2124,3,2,unhelpful,0.522731602191925
2125,3,2,javier,-0.5787407159805298
2126,2,2,creepy,0.7280190587043762
2127,2,2,poor,0.554314374923706
2128,2,2,unbearable,0.7619271278381348
2129,2,2,carpet,0.5953165292739868
2130,2,2,dirty,1.0
2131,4,4,location,0.5691898465156555
2132,4,4,typical,1.0
2133,4,4,beyond,-0.841543436050415
2134,5,5,scenery,0.7468419075012207
2135,5,5,great,0.884353756904602
2136,5,5,service-,1.0
2137,5,5,loved,1.0
2138,5,5,fun,-0.6608133912086487
2139,5,5,perfect,0.7957584857940674
2140,5,5,great,1.0
2141,5,5,thanks,0.896243155002594
2142,5,4,great,1.0
2143,5,4,place,0.6307327747344971
2144,5,4,nice,-0.5293033719062805
2145,4,4,old-style,1.0
2146,5,5,pleased,0.9037484526634216
2147,5,5,bit,-0.7133762240409851
2148,5,5,solid,-0.5727591514587402
2149,5,5,contacts,1.0
2150,5,5,home,0.5329012274742126
2151,5,5,exceptional,1.0
2152,5,5,wonderful,0.7348522543907166
2153,5,5,exemplary,0.9636785387992859
2154,5,5,beyond,0.6251632571220398
2155,3,2,great,0.868119478225708
2156,3,2,convenient,1.0
2157,3,2,webs,0.6050912737846375
2158,3,2,broken,0.9733535051345825
2159,3,2,renovate,0.6605046391487122
2160,3,2,so-so,1.0
2161,3,2,loved,-0.6698367595672607
2162,3,2,lacking,0.6013026237487793
2163,2,3,turd,1.0
2164,5,4,great,0.7425770163536072
2165,5,4,awesome,1.0
2166,3,2,meh,1.0
2167,2,2,not,1.0
2168,2,2,outdated,0.6298681497573853
2169,2,2,conditioning,0.5254035592079163
2170,2,2,helpful,-0.532879114151001
2171,5,5,spectacular,0.5769216418266296
2172,5,5,fantastic,1.0
2173,4,4,loved,0.6604806780815125
2174,4,4,dirty,-1.0
2175,4,4,good,0.8227232694625854
2176,4,4,choice,0.5225644707679749
2177,4,5,location,0.6479816436767578
2178,4,5,slightly,1.0
2179,4,5,less,0.970937967300415
2180,5,4,great,0.7695041298866272
2181,5,4,hotel,0.579340398311615
2182,5,4,vdara,1.0
2183,5,4,disappointment,-0.8693675398826599
2184,5,4,confusing,-0.7552962303161621
2185,5,4,will,0.5721434354782104
2186,5,5,overall,-0.5007075667381287
2187,5,5,clean,0.5442363023757935
2188,5,5,definitely,1.0
2189,5,5,recommend,0.9252389073371887
2190,5,5,great,1.0
2191,5,5,stay,0.6622358560562134
2192,5,5,moment,0.5578324794769287
2193,5,5,nice,-0.5005537867546082
2194,5,5,issue,-0.5972331762313843
2195,5,5,knocking,-0.5747901201248169
2196,5,5,commotion,0.506260097026825
2197,5,5,frontline,-1.0
2198,5,5,great,0.945037305355072
2199,5,5,hotel,0.768629252910614
2200,5,5,beacon,0.5289818048477173
2201,5,5,resonable,0.9284770488739014
2202,5,5,cost,-0.5028651356697083
2203,5,5,perfect,1.0
2204,5,5,side,-0.5831629633903503
2205,5,5,amazing,1.0
2206,5,4,loved,1.0
2207,5,4,fantastic,0.7657061815261841
2208,5,4,nice,-0.5804603695869446
2209,5,4,location,-0.7792807817459106
2210,5,4,expensive,-0.7991361021995544
2211,5,4,courteous,0.6808067560195923
2212,5,4,eager,1.0
2213,5,4,exceptional,0.8955284953117371
2214,5,5,gem,0.8357207179069519
2215,5,5,ciara,1.0
2216,5,5,small,-0.5754342079162598
2217,4,4,nice,0.7666677236557007
2218,4,4,great,1.0
2219,5,4,not,-0.5674469470977783
2220,5,4,impressed,1.0
2221,5,4,jubilee,0.8167388439178467
2222,5,5,constant,-0.5083646178245544
2223,5,5,brits,0.5596262812614441
2224,5,5,craving,-0.6550620198249817
2225,5,5,stunning,1.0
2226,5,5,hotel,0.5775658488273621
2227,5,5,excellent,1.0
2228,5,5,intrepid,-0.5357006192207336
2229,5,5,fot,0.8540672063827515
2230,5,5,love,0.9507541060447693
2231,5,5,never,0.5305227637290955
2232,5,5,excellent,0.7257049679756165
2233,5,5,wonderful,0.5468797087669373
2234,5,5,thanks,1.0
2235,5,5,forward,0.5329816341400146
2236,5,5,will,0.5696998834609985
2237,5,5,small,-0.5638754963874817
2238,5,5,mr,0.5094292163848877
2239,5,5,notch,1.0
2240,5,5,getaway,0.5637649893760681
2241,5,5,great,1.0
2242,5,5,experience,0.7662501931190491
2243,5,4,excellent,1.0
2244,5,5,favorite,0.7038863897323608
2245,5,5,ere,0.6267955899238586
2246,5,5,barbary,1.0
2247,5,5,great,0.5970700979232788
2248,5,5,anticipation,0.6903913021087646
2249,5,5,execution,-1.0
2250,4,4,great,0.683342695236206
2251,4,4,moma,0.5235790610313416
2252,4,4,bit,0.8930662274360657
2253,4,4,no,-0.5967005491256714
2254,4,4,good,1.0
2255,3,4,great,0.6391865015029907
2256,3,4,fantastic,-0.5393685698509216
2257,3,4,ok,1.0
2258,5,5,pampering,1.0
2259,5,5,getaway,0.5149573683738708
2260,5,5,yep,-0.6608822345733643
2261,5,5,perfect,1.0
2262,5,5,liked,0.522812008857727
2263,5,5,will,0.5099918842315674
2264,5,5,mohammed,0.5257561206817627
2265,5,5,alam,1.0
2266,2,2,wholly,1.0
2267,2,2,unacceptable,0.8074133396148682
2268,5,5,perfect,1.0
2269,5,5,vdara,0.5577439069747925
2270,3,3,impersonal,0.7543926239013672
2271,3,3,great,-0.5572348237037659
2272,3,3,sour,1.0
2273,3,3,unfriendly,0.9073455929756165
2274,3,3,loews,-0.5111653208732605
2275,2,2,disaster,1.0
2276,2,2,back,-0.5032146573066711
2277,2,2,everything,-0.5653930902481079
2278,2,2,fine,-0.7221012115478516
2279,2,2,disappointing,0.5055149793624878
2280,2,2,rude,0.6385999917984009
2281,2,2,not,0.957834005355835
2282,2,2,recommend,0.6666227579116821
2283,4,4,flamingo,0.8156598210334778
2284,4,4,convenient,1.0
2285,5,5,fantastic,1.0
2286,4,4,great,0.6180768609046936
2287,4,4,pick-up,-1.0
2288,4,4,slow,0.6901683807373047
2289,4,4,price/value,-0.6966515183448792
2290,4,4,good,0.5125964283943176
2291,5,5,excellent,1.0
2292,5,5,reve,0.9055125713348389
2293,5,5,class,0.9798945784568787
2294,5,5,great,0.58431476354599
2295,5,5,moment,0.5990124940872192
2296,5,5,varied,0.7537386417388916
2297,5,5,beautifully,0.8998897075653076
2298,5,5,classy,0.5520758628845215
2299,5,5,excellent,0.8434677720069885
2300,5,5,incredible,1.0
2301,4,4,longtime,-0.7760406732559204
2302,4,4,great,0.5447160601615906
2303,4,4,good,1.0
2304,4,4,marcia,0.5927438735961914
2305,4,4,best,-0.9594642519950867
2306,4,4,juan,0.5512182116508484
2307,5,5,best,0.8938652873039246
2308,5,5,flawless,1.0
2309,5,5,bit,-0.5669053792953491
2310,5,5,perfect,0.6286066174507141
2311,5,5,palazzo,0.7912067770957947
2312,3,3,average,1.0
2313,5,5,clean,0.6248543858528137
2314,5,5,maintained,0.6955350041389465
2315,5,5,amazing,0.5162046551704407
2316,5,5,side,-0.5648979544639587
2317,5,5,outstanding,1.0
2318,3,4,average,1.0
2319,3,4,refused,0.58124178647995
2320,5,5,aims,0.7745358943939209
2321,5,5,love,1.0
2322,4,5,fabulous,-0.9013528823852539
2323,4,5,stay,-0.5245031714439392
2324,4,5,56th,0.5693110227584839
2325,4,5,but,0.519614577293396
2326,4,5,never,-1.0
2327,4,5,critique,0.6726240515708923
2328,5,5,samoia,1.0
2329,5,5,definitely,0.55131596326828
2330,5,5,recommend,0.5201368927955627
2331,5,5,..but,-1.0
2332,3,3,average,1.0
2333,5,5,favorite,1.0
2334,5,5,thanks,0.5621548295021057
2335,3,3,great,-0.6296980977058411
2336,3,3,dated,1.0
2337,3,3,awful,0.5630590319633484
2338,3,3,stains,0.628148078918457
2339,5,5,beautiful,1.0
2340,5,5,hotel,0.5516608357429504
2341,5,5,luxurious,0.5511727333068848
2342,4,4,nice,0.7214004397392273
2343,4,4,scaled,0.6996572017669678
2344,4,4,appreciated,0.5052052736282349
2345,4,4,jerk,-0.5067974328994751
2346,4,4,shudder,-0.6115162372589111
2347,4,4,bit,1.0
2348,5,4,spotless,0.8624316453933716
2349,5,4,exceptional,1.0
2350,5,4,gracious,0.506119966506958
2351,5,4,will,0.5579273104667664
2352,4,4,loved,0.5128145813941956
2353,4,4,overall,0.6533371806144714
2354,4,4,good,1.0
2355,5,5,excellent,0.9666652679443359
2356,5,5,amazed,1.0
2357,5,5,however,-0.582463800907135
2358,2,3,great,-0.5573608875274658
2359,2,3,horrible,1.0
2360,2,3,uncomfortable,0.5835934281349182
2361,2,3,poor,0.5496950745582581
2362,2,3,not,0.5422369241714478
2363,3,4,disgusting,1.0
2364,5,5,elegant,0.5851984620094299
2365,5,5,impressed,0.7337716817855835
2366,5,5,perfect,1.0
2367,5,5,definitely,0.5139948129653931
2368,5,5,everyone,0.5356869697570801
2369,5,4,great,0.9201952815055847
2370,5,4,everything,0.5906190276145935
2371,5,4,home,1.0
2372,5,4,great,1.0
2373,3,5,bends,-0.8131862878799438
2374,3,5,annoying,1.0
2375,5,5,brilliant,0.5113371014595032
2376,5,5,congress,-0.738377571105957
2377,5,5,immaculately,1.0
2378,5,5,highly,0.5873986482620239
2379,5,5,severely,-0.5399012565612793
2380,5,5,disappointed,-1.0
2381,3,3,averagely,1.0
2382,5,5,great,1.0
2383,5,5,below,-0.6643747091293335
2384,5,5,loved,0.9113999009132385
2385,5,5,everything,0.7900282740592957
2386,5,5,service-minded,0.7414685487747192
2387,5,5,fantastic,0.8386425375938416
2388,5,5,gem,1.0
2389,5,5,superb,0.5051838755607605
2390,5,5,24th,-0.5435003638267517
2391,5,5,genuine,1.0
2392,5,5,excellent,0.7390915751457214
2393,5,5,best,1.0
2394,5,5,dynamic,0.621735692024231
2395,3,3,decent,0.8317039608955383
2396,3,3,nothing,1.0
2397,3,3,easy,-0.7951505184173584
2398,3,3,good,-0.5998350977897644
2399,4,3,gripe,1.0
2400,2,2,not,0.7639474272727966
2401,2,2,recommend,0.5306201577186584
2402,2,2,discourage,1.0
2403,3,5,it.my,1.0
2404,3,3,preface,-0.9819090962409973
2405,3,3,upsides,-0.523672342300415
2406,3,3,paper,0.6627985835075378
2407,3,3,thin,1.0
2408,5,5,beautiful,0.6750654578208923
2409,5,5,great,1.0
2410,5,5,overall,-0.5538424849510193
2411,5,5,loved,0.9352851510047913
2412,5,5,will,0.5851273536682129
2413,5,5,back,0.5295084714889526
2414,4,4,fav,-1.0
2415,4,4,nice,0.5324671864509583
2416,4,4,bit,0.8886169195175171
2417,4,4,lame,0.9350782036781311
2418,4,4,boring,0.7912557721138
2419,2,2,not,1.0
2420,2,2,reccomend,0.7012496590614319
2421,2,2,ok,-0.602346658706665
2422,2,2,carpet,0.6714038252830505
2423,2,2,bad,0.9703490138053894
2424,5,5,wonderful,1.0
2425,5,5,amazing,0.932906985282898
2426,5,5,incredible,0.8516238927841187
2427,5,5,excellent,0.8253486752510071
2428,5,5,disappointment,-1.0
2429,4,5,perfect,-0.7092653512954712
2430,4,5,happenings,1.0
2431,4,4,limited,1.0
2432,5,5,fantastic,1.0
2433,5,5,home,0.6331788301467896
2434,5,5,will,0.8037061095237732
2435,4,4,pleasant,1.0
2436,4,4,stay,0.7364352941513062
2437,4,4,good,0.6576289534568787
2438,4,4,issues,0.5167276859283447
2439,4,5,awesome,-1.0
2440,4,5,only,0.6582533717155457
2441,4,4,great,-0.658828854560852
2442,4,4,convenient,0.6671505570411682
2443,4,4,downside,1.0
2444,2,2,worst,1.0
2445,2,2,average,-0.5727313756942749
2446,2,2,disaster,0.6066257953643799
2447,5,5,great,1.0
2448,4,5,never,-0.8328418731689453
2449,4,5,bowl,0.6617781519889832
2450,4,5,approachable,0.586434543132782
2451,4,5,will,-0.6593325734138489
2452,4,5,definately,-0.582461416721344
2453,4,5,no,0.7549930810928345
2454,4,5,sleep..,1.0
2455,4,4,depending,0.6882798075675964
2456,4,4,pretty,0.6011333465576172
2457,4,4,good,1.0
2458,4,4,enjoyed,0.601148784160614
2459,4,4,bit,0.5460208058357239
2460,4,4,frustrating,1.0
2461,5,5,great,1.0
2462,4,5,nice,1.0
2463,4,5,generous,-0.5179346799850464
2464,4,5,small,0.945223867893219
2465,4,5,experience,-0.5248680114746094
2466,4,4,great,1.0
2467,4,4,bit,0.6621118783950806
2468,4,4,good,1.0
2469,5,5,best,1.0
2470,5,4,roomy,0.839019238948822
2471,5,4,'ll,0.6312739849090576
2472,5,4,definitely,0.6451295614242554
2473,5,4,back,1.0
2474,4,5,brilliant,-0.9630357027053833
2475,4,5,hotel,-0.5611075162887573
2476,4,5,not,0.6935693621635437
2477,4,5,base,1.0
2478,5,4,great,1.0
2479,4,4,good,1.0
2480,4,4,2-night,0.678239643573761
2481,4,5,nice,0.5927239656448364
2482,4,5,only,1.0
2483,4,5,problem,0.694656491279602
2484,4,5,pleasant,0.8052366375923157
2485,4,5,stay,0.6756266355514526
2486,4,5,good,0.6216678619384766
2487,4,4,dated,0.6070281267166138
2488,4,4,modernising,1.0
2489,4,4,good,0.6187939047813416
2490,4,4,loved,-1.0
2491,4,4,issue,0.8106364011764526
2492,5,5,great,0.5904858708381653
2493,5,5,timothy,-1.0
2494,5,5,modern,0.9375671744346619
2495,5,5,entire,0.6323696970939636
2496,5,5,hotel,0.5287220478057861
2497,5,5,will,0.930625319480896
2498,5,4,beautiful,1.0
2499,5,4,hotel,0.6832958459854126
2500,4,4,great,0.6485230922698975
2501,4,4,pros,0.5532729625701904
2502,4,4,cons,1.0
2503,5,5,perfect,1.0
2504,5,5,will,0.5503005981445312
2505,5,5,wynn,0.5140934586524963
2506,5,5,beautiful,1.0
2507,5,5,hotel,0.5130926370620728
2508,5,5,only,-0.6259746551513672
2509,5,5,issue,-0.810978353023529
2510,5,5,granny,-1.0
2511,4,5,writers,-1.0
2512,4,5,nice,0.5125005841255188
2513,4,5,except,0.7779914736747742
2514,5,5,vdara,1.0
2515,5,5,great,0.7644636631011963
2516,5,5,experience,0.8171606659889221
2517,5,5,smoke-free,0.7820791006088257
2518,5,5,perfect,0.6441961526870728
2519,5,5,issues,-0.8741949796676636
2520,5,5,problems,-0.5458377003669739
2521,2,2,average,-0.5912917852401733
2522,2,2,gem,-1.0
2523,2,2,downhill,0.8353064060211182
2524,2,2,apologize,0.5747944116592407
2525,5,5,perfect,1.0
2526,3,3,average,1.0
2527,3,3,tweaked,0.6503565311431885
2528,4,5,great,-0.5293236374855042
2529,4,5,good,0.5422674417495728
2530,4,5,downside,1.0
2531,4,5,fantastic,-0.6297347545623779
2532,5,4,girls,0.5738083720207214
2533,5,4,great,1.0
2534,5,5,aloft,-0.5881257057189941
2535,5,5,disappointed,-0.7394613027572632
2536,5,5,ricardo,0.9788325428962708
2537,5,5,great,1.0
2538,5,4,downfall,-1.0
2539,5,4,fun,0.6227824091911316
2540,5,4,best,0.9445409178733826
2541,4,4,great,1.0
2542,3,3,good,-0.6145908236503601
2543,3,3,small,0.9600068926811218
2544,3,3,not,1.0
2545,3,3,garbage,0.7403456568717957
2546,3,3,.they,-0.5450945496559143
2547,5,4,sunbeds,0.616238534450531
2548,5,4,ok.,-1.0
2549,5,5,dynamic,1.0
2550,2,2,bad,0.7747363448143005
2551,2,2,toxic,1.0
2552,2,2,fumes,0.5110733509063721
2553,3,2,uncomfortable,0.5485430359840393
2554,3,2,lacking,0.6787280440330505
2555,3,2,adequate,1.0
2556,4,4,some,0.8451271653175354
2557,4,4,older,1.0
2558,4,4,excellent,-0.8595095872879028
2559,5,5,impeccable,1.0
2560,3,3,wfc,1.0
2561,4,4,nice,0.5829107165336609
2562,4,4,great,0.7369393706321716
2563,4,4,smelled,-0.5209947228431702
2564,4,4,bit,1.0
2565,5,5,great,0.6839118003845215
2566,5,5,hotel,0.6378185153007507
2567,5,5,experience,0.6837989091873169
2568,5,5,sofitel,0.793551504611969
2569,5,5,repairs,-0.9241078495979309
2570,5,5,disappointed,-0.9142392873764038
2571,5,5,fantastic,1.0
2572,5,5,moment,0.7000882625579834
2573,5,5,londonhouse,1.0
2574,5,5,professionalism,0.5852720737457275
2575,5,5,excellent,0.8631197810173035
2576,5,5,londonhouse,0.9462311267852783
2577,5,5,phenomenal,1.0
2578,5,3,amazing,1.0
2579,5,5,wonderful,1.0
2580,5,5,experience,0.7676090598106384
2581,5,5,thrilled,0.836246907711029
2582,5,5,hardly,-0.9315294027328491
2583,2,2,positive,0.521199107170105
2584,2,2,nicely,-0.8441298604011536
2585,2,2,drawback,-0.5618621110916138
2586,2,2,ruined,1.0
2587,2,2,disdain,0.6043154001235962
2588,3,4,bad,0.8565719723701477
2589,3,4,lack,1.0
2590,5,5,floor-to-ceiling,1.0
2591,5,4,wonderful,0.8278900980949402
2592,5,4,elsewhere,-0.5522979497909546
2593,5,4,perfect,1.0
2594,5,4,great,0.8915086388587952
2595,5,5,amazing,0.78505539894104
2596,5,5,highly,1.0
2597,5,5,best,0.9652222394943237
2598,5,5,thanks,0.9831080436706543
2599,4,5,quality,-0.6317295432090759
2600,4,5,typically,0.8047794103622437
2601,4,5,pleasant,0.948955774307251
2602,4,5,great,1.0
2603,4,5,location,0.9451424479484558
2604,3,4,slow,0.5408756136894226
2605,3,4,disappointing,1.0
2606,4,5,excellent,-1.0
2607,4,5,base,0.8312282562255859
2608,5,5,faultless,1.0
2609,4,5,convenient,0.6989043354988098
2610,4,5,downside,1.0
2611,4,4,good,1.0
2612,4,4,but,0.6214597821235657
2613,4,4,home..,0.5543452501296997
2614,2,3,broken,0.5120826363563538
2615,2,3,overall,-0.5744831562042236
2616,2,3,terrible,1.0
2617,2,3,disappointed,0.6587367653846741
2618,2,2,dingy,0.7460699677467346
2619,2,2,poor,1.0
2620,2,2,not,0.6242161393165588
2621,5,5,everyone,1.0
2622,5,5,excellent,1.0
2623,2,2,unsafe,1.0
2624,2,2,not,0.5644122362136841
2625,5,5,exceptionally,0.5910868644714355
2626,5,5,outstanding,1.0
2627,5,5,highly,0.6133022904396057
2628,5,5,exceeded,1.0
2629,4,4,overnight,0.6392002105712891
2630,4,4,rio,1.0
2631,5,5,outstanding,1.0
2632,4,5,but,1.0
2633,4,2,lovely,1.0
2634,4,4,good,0.8754079341888428
2635,4,4,regret,-1.0
2636,4,4,staying,-0.5659517049789429
2637,4,4,bit,0.7819653749465942
2638,4,4,'happening,0.9219117760658264
2639,2,2,artisan,-0.5045496225357056
2640,2,2,disgusted,1.0
2641,5,4,curteous,1.0
2642,3,2,meh,1.0
2643,3,2,unbearable,0.6800273060798645
2644,3,2,poor,0.6144890785217285
2645,5,5,loews,1.0
2646,5,5,excellent,0.5338236093521118
2647,4,4,recreation,-1.0
2648,4,4,ok,0.6456007361412048
2649,4,4,bit,0.6881220936775208
2650,5,5,excellent,1.0
2651,5,5,director,1.0
2652,5,5,small,-0.5357023477554321
2653,5,5,adequate,-0.7262612581253052
2654,2,3,potential,1.0
2655,2,3,growth,0.6236783862113953
2656,5,5,great,0.8192840218544006
2657,5,5,hotel,0.5490207076072693
2658,5,5,will,1.0
2659,5,5,wonderful,0.504330575466156
2660,5,5,annoying,-1.0
2661,5,5,benjamin,1.0
2662,4,4,perfect,-1.0
2663,4,4,small,0.5083869695663452
2664,4,4,reason,0.5221931338310242
2665,4,4,otherwise,0.8012406229972839
2666,4,4,will,-0.6354939341545105
2667,5,5,awesome,1.0
2668,5,5,highly,0.6778755187988281
2669,4,4,spartan,-0.7020695805549622
2670,4,4,clean,0.6911394596099854
2671,4,4,outstanding,1.0
2672,4,4,carpet,-0.7452078461647034
2673,4,4,24th,0.7313699126243591
2674,4,4,lacked,0.5856183171272278
2675,4,4,fine,0.7364206910133362
2676,4,4,certainly,0.9202532172203064
2677,4,4,return,0.7832617163658142
2678,4,4,n't,-0.6935004591941833
2679,5,5,nobleden,1.0
2680,5,5,fantastic,0.5413627028465271
2681,2,2,rudely,0.7612909078598022
2682,2,2,disappointment,1.0
2683,5,5,return,0.6251409649848938
2684,5,5,soon,0.6660270690917969
2685,5,5,good,-0.7163718938827515
2686,5,5,excellent,1.0
2687,3,3,nice,-0.8107518553733826
2688,3,3,remodeling,0.5434090495109558
2689,3,3,dark,1.0
2690,4,5,good,1.0
2691,4,5,but,0.5373044013977051
2692,4,5,awesome,-0.8145857453346252
2693,4,5,overall,0.6557449698448181
2694,4,5,great,-0.6282815933227539
2695,5,5,best,0.6874524354934692
2696,5,5,genuine,1.0
2697,5,5,orientation,-0.9243456125259399
2698,5,5,solved,0.5187727212905884
2699,5,5,perfect,0.8853834867477417
2700,5,5,talent,1.0
2701,5,5,thanks,0.6264857649803162
2702,5,5,fabulous,1.0
2703,5,5,hotel,0.5526010990142822
2704,5,5,exceptionally,0.7708936929702759
2705,4,4,poor,-0.5998677015304565
2706,4,4,giggle,1.0
2707,4,4,wrinkles,-0.5756075382232666
2708,4,3,diversey,1.0
2709,5,5,wonderful,1.0
2710,2,3,never,0.660729706287384
2711,2,3,bit,-0.5037283301353455
2712,2,3,downhill,1.0
2713,3,3,ok,0.9810215830802917
2714,3,3,fantastic,-0.7560638785362244
2715,3,3,poor,1.0
2716,5,5,beautiful,1.0
2717,5,5,great,0.7211970090866089
2718,3,3,not,0.57631915807724
2719,3,3,needs,1.0
2720,3,3,upgrading,0.9164600372314453
2721,3,3,great,-0.9786834716796875
2722,3,3,helpful,-0.5262601971626282
2723,2,2,worst,1.0
2724,3,4,bit,0.5692344307899475
2725,3,4,tired,1.0
2726,3,4,easy,-0.5200846195220947
2727,3,3,modernisation,0.7256814241409302
2728,3,3,updating,1.0
2729,5,5,two-day,0.7432572245597839
2730,5,5,royalty,1.0
2731,5,5,lack,-0.5636172294616699
2732,5,5,kiddie,0.6080085635185242
2733,5,5,great,1.0
2734,5,5,perfect,0.6984638571739197
2735,5,5,authority,0.5761456489562988
2736,5,5,basic,-0.9216829538345337
2737,5,5,helpfulness,0.7766266465187073
2738,2,2,dated,1.0
2739,2,2,dark,0.5890932679176331
2740,2,2,n't,0.7379601001739502
2741,5,4,great,0.7810516357421875
2742,5,4,excellent,0.8031750321388245
2743,5,4,bit,-1.0
2744,5,5,%,0.5539262890815735
2745,5,5,satisfied,1.0
2746,5,5,justice,0.8507475852966309
2747,5,5,excellent,0.6246281266212463
2748,2,3,ok,-0.6155166625976562
2749,2,3,gnats,1.0
2750,2,3,horrible,0.7237229347229004
2751,3,2,dreadful,-1.0
2752,3,2,good,0.9511299133300781
2753,5,4,maurice,1.0
2754,5,5,amazing,1.0
2755,5,5,grrat,1.0
2756,4,4,spectacular,-0.6699772477149963
2757,4,4,pre-,1.0
2758,5,4,hotel,0.5897119641304016
2759,5,4,whenever,1.0
2760,4,3,capella,-1.0
2761,5,5,great,0.5224926471710205
2762,5,5,awesome,0.953879177570343
2763,5,5,thanks,1.0
2764,5,5,wesley,0.825741171836853
2765,2,3,great,-0.7905071973800659
2766,2,3,however,-0.5239577889442444
2767,2,3,old,0.5212469100952148
2768,2,3,musky,0.8872745037078857
2769,2,3,conditioning,1.0
2770,2,3,vacuum,0.7461194396018982
2771,2,3,carpet,0.5360831022262573
2772,2,3,not,0.8946352601051331
2773,2,3,worth,0.5330749154090881
2774,5,5,excellent,0.7631745934486389
2775,5,5,failed,-0.5253474712371826
2776,5,5,attempt,-0.9314864873886108
2777,5,5,best,1.0
2778,5,5,bob,0.5812660455703735
2779,5,4,outstanding,1.0
2780,4,5,zero,-1.0
2781,4,5,only,0.5607599020004272
2782,4,5,drawback,0.839668333530426
2783,5,5,perfect,0.6199596524238586
2784,5,5,highly,1.0
2785,5,5,touches,0.59263676404953
2786,5,4,good,-1.0
2787,5,4,perfect,0.8237266540527344
2788,5,4,definitely,0.9572206139564514
2789,5,4,stay,0.6994315981864929
2790,2,2,dirty,1.0
2791,2,2,great,-0.8889146447181702
2792,4,4,great,-1.0
2793,4,4,stay,-0.6510465741157532
2794,4,4,good,0.9995659589767456
2795,4,4,hash,0.7783403396606445
2796,4,4,good,0.516338586807251
2797,4,4,slow,1.0
2798,2,2,never,0.8431035876274109
2799,2,2,rude,0.7289721369743347
2800,2,2,dirty,0.7841516137123108
2801,2,2,forbid,1.0
2802,2,2,sorts,-0.8798948526382446
2803,2,2,questionable,-0.5554789304733276
2804,2,2,never,0.634472668170929
2805,4,4,great,0.5844089388847351
2806,4,4,never,-0.5061985850334167
2807,4,4,flip,1.0
2808,5,5,proposal,1.0
2809,5,5,marry,0.674759030342102
2810,5,5,amazing,0.6855614185333252
2811,5,5,over-the-top,0.7673897743225098
2812,5,5,amazing,1.0
2813,4,4,nice,1.0
2814,5,5,excellent,1.0
2815,5,5,royalty,1.0
2816,4,4,good,1.0
2817,5,5,great,1.0
2818,5,5,experience,0.6490800380706787
2819,5,5,silverton,0.8934261798858643
2820,5,5,love,0.8099073171615601
2821,5,5,great,1.0
2822,5,5,hotel,0.5712748169898987
2823,5,5,excellent,0.8897466063499451
2824,5,5,amazing,0.526732861995697
2825,5,5,fun,0.7561964988708496
2826,5,5,great,-0.5380820631980896
2827,5,5,great,1.0
2828,5,5,single,-0.5572853088378906
2829,5,5,beautifully,0.7549620270729065
2830,5,5,renovated,-0.5386205911636353
2831,5,5,will,0.675327718257904
2832,4,4,girls,-0.8329081535339355
2833,4,4,great,0.634644627571106
2834,4,4,deuce,1.0
2835,4,4,fine,0.6798604726791382
2836,4,4,disappointment,1.0
2837,4,4,loved,-1.0
2838,4,4,good,0.5850421786308289
2839,4,4,oyster,0.5036810040473938
2840,5,4,excellent,1.0
2841,5,4,hotel,0.5314779877662659
2842,5,4,negatives,-0.9816253185272217
2843,2,3,unwelcoming,0.6234100461006165
2844,2,3,ruined,1.0
2845,5,5,exceptional,1.0
2846,5,5,excellent,0.8292004466056824
2847,5,5,rushed,-1.0
2848,5,5,greet,0.8451743721961975
2849,5,5,noisy,-0.7185615301132202
2850,4,4,great,1.0
2851,4,4,stay,0.6098559498786926
2852,4,4,excellent,-0.8196611404418945
2853,4,4,but,0.6733705401420593
2854,4,4,dark,1.0
2855,4,4,ever,-0.5277220010757446
2856,2,2,unacceptable,1.0
2857,2,2,stay,-0.7654610276222229
2858,2,2,sustained,-0.6069974303245544
2859,2,2,burn,0.774724006652832
2860,2,2,refused,0.762620747089386
2861,2,2,informed,0.6973425149917603
2862,2,2,not,0.9176122546195984
2863,2,2,fully,0.6244604587554932
2864,2,2,committed,0.7582587599754333
2865,2,2,refused,0.8512299656867981
2866,5,4,superb,1.0
2867,5,4,okay,-0.942455530166626
2868,5,5,fantastic,1.0
2869,5,5,bodega,0.7320523858070374
2870,5,5,favorite,1.0
2871,5,5,awesome,0.7209108471870422
2872,5,5,visir,-0.9003528356552124
2873,5,5,nest,1.0
2874,5,5,updating,-1.0
2875,5,5,great,1.0
2876,5,5,bad,-0.5331210494041443
2877,3,2,marred,1.0
2878,5,5,perfect,1.0
2879,5,5,cornelius,1.0
2880,5,5,amazing,0.9645529985427856
2881,5,5,princess,1.0
2882,3,4,extremely,0.6076011657714844
2883,3,4,rude,1.0
2884,3,4,worse,0.5955784320831299
2885,3,4,vile,0.7849088311195374
2886,3,4,return,-0.5534942746162415
2887,5,4,airy,0.5000250339508057
2888,5,4,old,-0.6923815011978149
2889,5,4,wears,-0.6024333834648132
2890,5,4,outstanding,1.0
2891,5,5,beautiful,0.6963422894477844
2892,5,5,spotless,1.0
2893,5,5,overall,-0.5651659965515137
2894,5,5,comfotable,1.0
2895,5,5,amazing,0.5070244669914246
2896,5,5,thanks,0.7790052890777588
2897,4,4,pleasantly,0.6248058080673218
2898,4,4,trick,1.0
2899,4,4,spotless,-0.6611698865890503
2900,4,4,loved,-0.6294798254966736
2901,4,4,amazing,-0.8654980063438416
2902,4,5,everyone,-0.8277765512466431
2903,4,5,nice,0.9269274473190308
2904,4,5,exception,0.731363832950592
2905,4,5,only,0.6161683797836304
2906,4,5,disappointing,1.0
2907,4,5,not,0.5868443846702576
2908,4,4,bit,1.0
2909,4,4,small,0.7045964598655701
2910,4,4,thank,-0.7898227572441101
2911,4,5,small,0.521945059299469
2912,4,5,super,-1.0
2913,4,5,pleased,-0.9815008640289307
2914,5,5,sightings,1.0
2915,5,5,amazing,0.6163372993469238
2916,5,5,impeccable,0.8456006646156311
2917,5,5,florence,1.0
2918,5,5,cathy,0.8238171339035034
2919,5,5,welcoming,0.6137375235557556
2920,5,4,awesome,1.0
2921,5,4,wonderful,1.0
2922,5,5,perfect,0.5505787134170532
2923,5,5,professionalism,0.6247978210449219
2924,5,5,disguised,-1.0
2925,5,5,highly,0.5383160710334778
2926,4,4,good,1.0
2927,4,4,not,-0.7894697785377502
2928,4,4,however,0.6997631192207336
2929,4,4,comfortable,0.5852494835853577
2930,4,4,police,-0.6986968517303467
2931,4,4,great,0.9878485798835754
2932,4,4,easy,0.5371402502059937
2933,5,5,great,1.0
2934,5,5,hotel,0.5385052561759949
2935,5,5,modern,0.6660123467445374
2936,5,5,gem,1.0
2937,5,5,cross-country,0.5533145666122437
2938,3,4,bad,0.6122353076934814
2939,3,4,carpet,0.6535484194755554
2940,3,4,n't,1.0
2941,3,4,great,-0.5840610861778259
2942,5,5,djt,1.0
